no,indikator_utama,hasil_2025,target_2026,catatan_lhe,rencana_aksi_desc,pic_koordinator,pic_pelaksana
1,Nilai SAKIP,"78,89","79,03","Badan Pusat Statistik perlu memperkuat keterkaitan logis antara tujuan, sasaran, program, dan kegiatan dengan menyusun perencanaan kinerja berbasis results chain yang jelas, sehingga setiap intervensi menunjukkan hubungan sebab–akibat dari output hingga ultimate outcome. Penguatan ini dapat dilakukan melalui penajaman sasaran dan indikator agar berorientasi pada hasil, penetapan critical success factors sebagai pengungkit utama kinerja, serta penyusunan pohon kinerja yang konsisten dari tingkat organisasi hingga unit kerja. Dengan demikian, arah perencanaan kinerja BPS menjadi lebih terfokus dalam menjelaskan bagaimana program dan kegiatan berkontribusi nyata terhadap pencapaian sasaran strategis.",1. Diskusi dengan MenPANRB untuk penjelasan lebih detail terkait LHE,Biro Perencanaan dan Kerjasama,Biro Perencanaan dan Kerjasama
1,Nilai SAKIP,"78,89","79,03","Badan Pusat Statistik perlu memperkuat keterkaitan logis antara tujuan, sasaran, program, dan kegiatan dengan menyusun perencanaan kinerja berbasis results chain yang jelas, sehingga setiap intervensi menunjukkan hubungan sebab–akibat dari output hingga ultimate outcome. Penguatan ini dapat dilakukan melalui penajaman sasaran dan indikator agar berorientasi pada hasil, penetapan critical success factors sebagai pengungkit utama kinerja, serta penyusunan pohon kinerja yang konsisten dari tingkat organisasi hingga unit kerja. Dengan demikian, arah perencanaan kinerja BPS menjadi lebih terfokus dalam menjelaskan bagaimana program dan kegiatan berkontribusi nyata terhadap pencapaian sasaran strategis.",2. Benchmarking ke K/L untuk mendapatkan saran masukan proses perencanaan kinerja berbasis results chain,Biro Perencanaan dan Kerjasama,Biro Perencanaan dan Kerjasama
1,Nilai SAKIP,"78,89","79,03","Badan Pusat Statistik perlu memperkuat keterkaitan logis antara tujuan, sasaran, program, dan kegiatan dengan menyusun perencanaan kinerja berbasis results chain yang jelas, sehingga setiap intervensi menunjukkan hubungan sebab–akibat dari output hingga ultimate outcome. Penguatan ini dapat dilakukan melalui penajaman sasaran dan indikator agar berorientasi pada hasil, penetapan critical success factors sebagai pengungkit utama kinerja, serta penyusunan pohon kinerja yang konsisten dari tingkat organisasi hingga unit kerja. Dengan demikian, arah perencanaan kinerja BPS menjadi lebih terfokus dalam menjelaskan bagaimana program dan kegiatan berkontribusi nyata terhadap pencapaian sasaran strategis.",3. Penyusunan reviu Indikator Kinerja Utama 2025-2029,Biro Perencanaan dan Kerjasama,Biro Perencanaan dan Kerjasama
1,Nilai SAKIP,"78,89","79,03","Badan Pusat Statistik perlu memperkuat keterkaitan logis antara tujuan, sasaran, program, dan kegiatan dengan menyusun perencanaan kinerja berbasis results chain yang jelas, sehingga setiap intervensi menunjukkan hubungan sebab–akibat dari output hingga ultimate outcome. Penguatan ini dapat dilakukan melalui penajaman sasaran dan indikator agar berorientasi pada hasil, penetapan critical success factors sebagai pengungkit utama kinerja, serta penyusunan pohon kinerja yang konsisten dari tingkat organisasi hingga unit kerja. Dengan demikian, arah perencanaan kinerja BPS menjadi lebih terfokus dalam menjelaskan bagaimana program dan kegiatan berkontribusi nyata terhadap pencapaian sasaran strategis.",4. Perbaikan CSF sehingga keterkaitan logis menjadi lebih jelas,Biro Perencanaan dan Kerjasama,Biro Perencanaan dan Kerjasama
1,Nilai SAKIP,"78,89","79,03","Badan Pusat Statistik perlu memperkuat keterkaitan logis antara tujuan, sasaran, program, dan kegiatan dengan menyusun perencanaan kinerja berbasis results chain yang jelas, sehingga setiap intervensi menunjukkan hubungan sebab–akibat dari output hingga ultimate outcome. Penguatan ini dapat dilakukan melalui penajaman sasaran dan indikator agar berorientasi pada hasil, penetapan critical success factors sebagai pengungkit utama kinerja, serta penyusunan pohon kinerja yang konsisten dari tingkat organisasi hingga unit kerja. Dengan demikian, arah perencanaan kinerja BPS menjadi lebih terfokus dalam menjelaskan bagaimana program dan kegiatan berkontribusi nyata terhadap pencapaian sasaran strategis.",5. Perbaikan dokumen pohon kinerja yang konsisten dari tingkat organisasi hingga unit kerja,Biro Perencanaan dan Kerjasama,Biro Perencanaan dan Kerjasama
1,Nilai SAKIP,"78,89","79,03","Perlu dilakukan penguatan dan keberlanjutan praktik identifikasi crosscutting kinerja yang telah berjalan, dengan memperluas pemetaan peran dan kontribusi tidak hanya pada unit kerja internal, tetapi juga pada instansi terkait serta pemangku kepentingan eksternal yang berpengaruh terhadap pencapaian shared outcome. Pemetaan crosscutting yang lebih menyeluruh dan terdokumentasi secara sistematis dalam dokumen perencanaan diharapkan dapat memperjelas mekanisme koordinasi dan sinergi program, sehingga pelaksanaan kebijakan menjadi lebih efektif dan memberikan dampak yang lebih signifikan terhadap pencapaian kinerja pembangunan.","1. Penyusunan croscutting kinerja yang memuat peran kontribusi internal BPS dan eksternal BPS, penajaman pada KP dan PN serta Prioritas Presiden (Inpres)",Biro Perencanaan dan Kerjasama,Biro Perencanaan dan Kerjasama
1,Nilai SAKIP,"78,89","79,03","Setiap unit kerja perlu melakukan reviu dan tinjauan ulang terhadap rencana aksi yang telah disusun dengan memastikan bahwa seluruh kinerja yang ditetapkan dalam Perjanjian Kinerja (PK) didukung oleh aksi-aksi substantif yang selaras. Rencana aksi tersebut harus disesuaikan agar mencerminkan urutan kegiatan yang logis dan terukur, termasuk kejelasan hubungan antara aksi, output, hingga pencapaian outcome.",1. Pemeriksaan Kertas Kerja Monitoring Kinerja Unit Kerja dan Satuan Kerja BPS Provinsi,Biro Perencanaan dan Kerjasama,Biro Perencanaan dan Kerjasama
1,Nilai SAKIP,"78,89","79,03","Setiap unit kerja perlu melakukan reviu dan tinjauan ulang terhadap rencana aksi yang telah disusun dengan memastikan bahwa seluruh kinerja yang ditetapkan dalam Perjanjian Kinerja (PK) didukung oleh aksi-aksi substantif yang selaras. Rencana aksi tersebut harus disesuaikan agar mencerminkan urutan kegiatan yang logis dan terukur, termasuk kejelasan hubungan antara aksi, output, hingga pencapaian outcome.","2. Penyesuaian proses bisnis Pembahasan Rapat Monitoring Kinerja Triwulanan telah membahas terkait rencana aksi yg logis terukur serta kejelasan hubungan antara aksi, output, hingga pencapaian outcome",Biro Perencanaan dan Kerjasama,Biro Perencanaan dan Kerjasama
1,Nilai SAKIP,"78,89","79,03","Mendorong BPS untuk melakukan percepatan integrasi aplikasi Sinergi guna memastikan keselarasan pengukuran kinerja yang berjenjang, mulai dari level organisasi hingga ke level individu pegawai. Hal ini penting untuk menghilangkan sekat-sekat informasi dan memastikan setiap capaian di tingkat unit kerja terhubung langsung dengan kontribusi nyata tiap pegawai. Dengan sistem yang terintegrasi penuh, aplikasi dapat berfungsi sebagai instrumen kendali manajemen yang mampu memantau hambatan di setiap level secara akurat, sekaligus menjadi dasar bagi pimpinan dalam merumuskan solusi peningkatan kinerja yang lebih tepat sasaran.",1. Penggunaan fitur Perencanaan Kinerja dan sinkronisasi data PK di SINERGI dan Kip App,Biro Perencanaan dan Kerjasama,1.Biro Perencanaan dan Kerjasama
1,Nilai SAKIP,"78,89","79,03","Instansi perlu memastikan konsistensi dan pemerataan kualitas penyusunan laporan akuntabilitas kinerja pada seluruh unit kerja melalui penguatan pedoman teknis, peningkatan kapasitas SDM pengelola kinerja, serta penerapan mekanisme reviu dan pengendalian internal secara berjenjang. Selain itu, kepatuhan unit kerja dalam menyampaikan laporan kinerja berkala pada laman esr.menpan.go.id perlu ditingkatkan melalui penguatan monitoring dan penegakan disiplin pelaporan.",1. Penyusunan pedoman teknis Pelaporan Kinerja BPS,Biro Perencanaan dan Kerjasama,"1.Biro Perencanaan dan Kerjasama
2. Dir SIS"
1,Nilai SAKIP,"78,89","79,03","Selanjutnya, hasil pengukuran kinerja berkala perlu dioptimalkan pemanfaatannya sebagai instrumen pengendalian manajemen kinerja, tidak hanya untuk memenuhi kewajiban pelaporan administratif, tetapi sebagai dasar pelaksanaan forum evaluasi kinerja berbasis data, pengambilan keputusan manajerial, penyesuaian strategi, serta perbaikan berkelanjutan atas pelaksanaan program dan kegiatan. Dengan demikian, sistem pelaporan kinerja diharapkan mampu memberikan nilai tambah yang nyata terhadap peningkatan kinerja organisasi secara menyeluruh.",2. Pemeriksaan substansi LAKIN Unit Kerja dan Satker BPS Provinsi,Biro Perencanaan dan Kerjasama,"1.Biro Perencanaan dan Kerjasama
2. Dir SIS"
1,Nilai SAKIP,"78,89","79,03","Selanjutnya, hasil pengukuran kinerja berkala perlu dioptimalkan pemanfaatannya sebagai instrumen pengendalian manajemen kinerja, tidak hanya untuk memenuhi kewajiban pelaporan administratif, tetapi sebagai dasar pelaksanaan forum evaluasi kinerja berbasis data, pengambilan keputusan manajerial, penyesuaian strategi, serta perbaikan berkelanjutan atas pelaksanaan program dan kegiatan. Dengan demikian, sistem pelaporan kinerja diharapkan mampu memberikan nilai tambah yang nyata terhadap peningkatan kinerja organisasi secara menyeluruh.",3. Pembinaan SAKIP ,Biro Perencanaan dan Kerjasama,"1.Biro Perencanaan dan Kerjasama
2. Dir SIS"
1,Nilai SAKIP,"78,89","79,03","Instansi disarankan mengidentifikasi penyebab utama terulangnya permasalahan dan menetapkan upaya perbaikan dengan tindakan nyata yang disertai indikator keberhasilan. Selain itu, perkembangan pelaksanaan perbaikan perlu dipantau dan didokumentasikan secara berkala untuk memastikan permasalahan dapat diselesaikan dan tidak kembali terulang.",1. Penguatan implementasi Manajemen Risiko di BPS,Biro Perencanaan dan Kerjasama,Biro Perencanaan dan Kerjasama
2,Capaian IKU Kementerian/Lembaga,100,100,Seluruh IKU tercapai 100%,1. Melakukan monitoring capaian kinerja BPS triwulanan,Biro Perencanaan dan Kerjasama,Biro Perencanaan dan Kerjasama
2,Capaian IKU Kementerian/Lembaga,100,100,Seluruh IKU tercapai 100%,2. Penyusunan Laporan Kinerja Triwulanan BPS TA 2026,Biro Perencanaan dan Kerjasama,Biro Perencanaan dan Kerja Sama
3,Penguatan Implementasi SPIP,3.61,3.75,"A. Hasil Evaluasi atas Penetapan Tujuan 
1. Penilaian Sasaran Strategis 
a. Penetapan sasaran strategis BPS sudah tepat dan selaras dengan Pembangunan Nasional. Namun, sasaran strategis BPS Tahun 2025-2029 belum mengakomodir mandat BPS pada regulasi terbaru, yaitu Instruksi Presiden Nomor 4 Tahun 2025 tentang DTSEN dan Peraturan Presiden Nomor 115 Tahun 2025 tentang Tata Kelola Penyelenggaraan Program MBG. 
b. Terdapat indikator sasaran strategis yang belum tepat karena indikator tidak jelas/tidak menggambarkan realisasi peningkatan penyelenggaraan SSN yang baik dan terpadu. 
2. Penilaian Sasaran Program 
a. Belum seluruh ssaran program PPIS memiliki indikator yang tepat dan target yang baik. 
b. Belum seluruh sasaran program Dukungan Manajemen memiliki indikator yang tepat dan target yang baik. 
3. Penilaian Sasaran Kegiatan Sebanyak 1 sasaran kegiatan ""Tersedianya Data 5 Sasaran Visi Indonesia Emas dan 45 Indikator Utama Pembangunan Statistik Harga"" tidak memiliki target indikator kinerja tahun 2025 dan akan mulai ditargetkan pada tahun 2026. 
4. Penilaian Sasaran Rincian Output (RO) Berdasarkan hasil evaluasi, terdapat 18 RO yang belum selaras dengan sasaran kegiatan dan belum seluruh sasaran RO memiliki indikator yang tepat dan target yang baik. 

B. Komponen Struktur dan Proses Hasil evaluasi atas Penyelenggaraan MR, terkait dengan unsur Pengelolaan Risiko pada SPIP sebagai berikut: 
a. BPS belum mengidentifikasi risiko strategis kelembagaan. 
b. BPS telah mengidentifikasi dan menganalisis risiko strategis UKE I. Namun, monitoring dan evaluasi terhadap penyelenggaraan risiko strategis UKE I belum dilakukan. 
c. Satuan kerja di lingkungan Sekretaris Utama BPS belum melakukan identifikasi risiko fraud.
",1. Berkoordinasi dengan Tim Penyusunan Rencana terkait reviu Renstra BPS,Biro Perencanaan dan Kerjasama,Tim Penyusunan Rencana
3,Penguatan Implementasi SPIP,3.61,3.75,"A. Hasil Evaluasi atas Penetapan Tujuan 
1. Penilaian Sasaran Strategis 
a. Penetapan sasaran strategis BPS sudah tepat dan selaras dengan Pembangunan Nasional. Namun, sasaran strategis BPS Tahun 2025-2029 belum mengakomodir mandat BPS pada regulasi terbaru, yaitu Instruksi Presiden Nomor 4 Tahun 2025 tentang DTSEN dan Peraturan Presiden Nomor 115 Tahun 2025 tentang Tata Kelola Penyelenggaraan Program MBG. 
b. Terdapat indikator sasaran strategis yang belum tepat karena indikator tidak jelas/tidak menggambarkan realisasi peningkatan penyelenggaraan SSN yang baik dan terpadu. 
2. Penilaian Sasaran Program 
a. Belum seluruh ssaran program PPIS memiliki indikator yang tepat dan target yang baik. 
b. Belum seluruh sasaran program Dukungan Manajemen memiliki indikator yang tepat dan target yang baik. 
3. Penilaian Sasaran Kegiatan Sebanyak 1 sasaran kegiatan ""Tersedianya Data 5 Sasaran Visi Indonesia Emas dan 45 Indikator Utama Pembangunan Statistik Harga"" tidak memiliki target indikator kinerja tahun 2025 dan akan mulai ditargetkan pada tahun 2026. 
4. Penilaian Sasaran Rincian Output (RO) Berdasarkan hasil evaluasi, terdapat 18 RO yang belum selaras dengan sasaran kegiatan dan belum seluruh sasaran RO memiliki indikator yang tepat dan target yang baik. 

B. Komponen Struktur dan Proses Hasil evaluasi atas Penyelenggaraan MR, terkait dengan unsur Pengelolaan Risiko pada SPIP sebagai berikut: 
a. BPS belum mengidentifikasi risiko strategis kelembagaan. 
b. BPS telah mengidentifikasi dan menganalisis risiko strategis UKE I. Namun, monitoring dan evaluasi terhadap penyelenggaraan risiko strategis UKE I belum dilakukan. 
c. Satuan kerja di lingkungan Sekretaris Utama BPS belum melakukan identifikasi risiko fraud.
",2. Melakukan pengelolaan risiko di tingkat Lembaga dan Unit Kerja Eselon I yang didalamnya memuat identifikasi risiko fraud ,Biro Perencanaan dan Kerjasama,Bagian Manajemen Risiko dan Dukungan Strategis Pimpinan
3,Penguatan Implementasi SPIP,3.61,3.75,"A. Hasil Evaluasi atas Penetapan Tujuan 
1. Penilaian Sasaran Strategis 
a. Penetapan sasaran strategis BPS sudah tepat dan selaras dengan Pembangunan Nasional. Namun, sasaran strategis BPS Tahun 2025-2029 belum mengakomodir mandat BPS pada regulasi terbaru, yaitu Instruksi Presiden Nomor 4 Tahun 2025 tentang DTSEN dan Peraturan Presiden Nomor 115 Tahun 2025 tentang Tata Kelola Penyelenggaraan Program MBG. 
b. Terdapat indikator sasaran strategis yang belum tepat karena indikator tidak jelas/tidak menggambarkan realisasi peningkatan penyelenggaraan SSN yang baik dan terpadu. 
2. Penilaian Sasaran Program 
a. Belum seluruh ssaran program PPIS memiliki indikator yang tepat dan target yang baik. 
b. Belum seluruh sasaran program Dukungan Manajemen memiliki indikator yang tepat dan target yang baik. 
3. Penilaian Sasaran Kegiatan Sebanyak 1 sasaran kegiatan ""Tersedianya Data 5 Sasaran Visi Indonesia Emas dan 45 Indikator Utama Pembangunan Statistik Harga"" tidak memiliki target indikator kinerja tahun 2025 dan akan mulai ditargetkan pada tahun 2026. 
4. Penilaian Sasaran Rincian Output (RO) Berdasarkan hasil evaluasi, terdapat 18 RO yang belum selaras dengan sasaran kegiatan dan belum seluruh sasaran RO memiliki indikator yang tepat dan target yang baik. 

B. Komponen Struktur dan Proses Hasil evaluasi atas Penyelenggaraan MR, terkait dengan unsur Pengelolaan Risiko pada SPIP sebagai berikut: 
a. BPS belum mengidentifikasi risiko strategis kelembagaan. 
b. BPS telah mengidentifikasi dan menganalisis risiko strategis UKE I. Namun, monitoring dan evaluasi terhadap penyelenggaraan risiko strategis UKE I belum dilakukan. 
c. Satuan kerja di lingkungan Sekretaris Utama BPS belum melakukan identifikasi risiko fraud.
",3. Evaluasi berkala atas penerapan kebijakan peraturan dilingkungan BPS ,Biro Perencanaan dan Kerjasama,Bagian Manajemen Risiko dan Dukungan Strategis Pimpinan
3,Penguatan Implementasi SPIP,3.61,3.75,"A. Hasil Evaluasi atas Penetapan Tujuan 
1. Penilaian Sasaran Strategis 
a. Penetapan sasaran strategis BPS sudah tepat dan selaras dengan Pembangunan Nasional. Namun, sasaran strategis BPS Tahun 2025-2029 belum mengakomodir mandat BPS pada regulasi terbaru, yaitu Instruksi Presiden Nomor 4 Tahun 2025 tentang DTSEN dan Peraturan Presiden Nomor 115 Tahun 2025 tentang Tata Kelola Penyelenggaraan Program MBG. 
b. Terdapat indikator sasaran strategis yang belum tepat karena indikator tidak jelas/tidak menggambarkan realisasi peningkatan penyelenggaraan SSN yang baik dan terpadu. 
2. Penilaian Sasaran Program 
a. Belum seluruh ssaran program PPIS memiliki indikator yang tepat dan target yang baik. 
b. Belum seluruh sasaran program Dukungan Manajemen memiliki indikator yang tepat dan target yang baik. 
3. Penilaian Sasaran Kegiatan Sebanyak 1 sasaran kegiatan ""Tersedianya Data 5 Sasaran Visi Indonesia Emas dan 45 Indikator Utama Pembangunan Statistik Harga"" tidak memiliki target indikator kinerja tahun 2025 dan akan mulai ditargetkan pada tahun 2026. 
4. Penilaian Sasaran Rincian Output (RO) Berdasarkan hasil evaluasi, terdapat 18 RO yang belum selaras dengan sasaran kegiatan dan belum seluruh sasaran RO memiliki indikator yang tepat dan target yang baik. 

B. Komponen Struktur dan Proses Hasil evaluasi atas Penyelenggaraan MR, terkait dengan unsur Pengelolaan Risiko pada SPIP sebagai berikut: 
a. BPS belum mengidentifikasi risiko strategis kelembagaan. 
b. BPS telah mengidentifikasi dan menganalisis risiko strategis UKE I. Namun, monitoring dan evaluasi terhadap penyelenggaraan risiko strategis UKE I belum dilakukan. 
c. Satuan kerja di lingkungan Sekretaris Utama BPS belum melakukan identifikasi risiko fraud.
",4. Melaksanakan Penilaian Mandiri SPIP BPS,Biro Perencanaan dan Kerjasama,Bagian Manajemen Risiko dan Dukungan Strategis Pimpinan
3,Penguatan Implementasi SPIP,3.61,3.75,"A. Hasil Evaluasi atas Penetapan Tujuan 
1. Penilaian Sasaran Strategis 
a. Penetapan sasaran strategis BPS sudah tepat dan selaras dengan Pembangunan Nasional. Namun, sasaran strategis BPS Tahun 2025-2029 belum mengakomodir mandat BPS pada regulasi terbaru, yaitu Instruksi Presiden Nomor 4 Tahun 2025 tentang DTSEN dan Peraturan Presiden Nomor 115 Tahun 2025 tentang Tata Kelola Penyelenggaraan Program MBG. 
b. Terdapat indikator sasaran strategis yang belum tepat karena indikator tidak jelas/tidak menggambarkan realisasi peningkatan penyelenggaraan SSN yang baik dan terpadu. 
2. Penilaian Sasaran Program 
a. Belum seluruh ssaran program PPIS memiliki indikator yang tepat dan target yang baik. 
b. Belum seluruh sasaran program Dukungan Manajemen memiliki indikator yang tepat dan target yang baik. 
3. Penilaian Sasaran Kegiatan Sebanyak 1 sasaran kegiatan ""Tersedianya Data 5 Sasaran Visi Indonesia Emas dan 45 Indikator Utama Pembangunan Statistik Harga"" tidak memiliki target indikator kinerja tahun 2025 dan akan mulai ditargetkan pada tahun 2026. 
4. Penilaian Sasaran Rincian Output (RO) Berdasarkan hasil evaluasi, terdapat 18 RO yang belum selaras dengan sasaran kegiatan dan belum seluruh sasaran RO memiliki indikator yang tepat dan target yang baik. 

B. Komponen Struktur dan Proses Hasil evaluasi atas Penyelenggaraan MR, terkait dengan unsur Pengelolaan Risiko pada SPIP sebagai berikut: 
a. BPS belum mengidentifikasi risiko strategis kelembagaan. 
b. BPS telah mengidentifikasi dan menganalisis risiko strategis UKE I. Namun, monitoring dan evaluasi terhadap penyelenggaraan risiko strategis UKE I belum dilakukan. 
c. Satuan kerja di lingkungan Sekretaris Utama BPS belum melakukan identifikasi risiko fraud.
",5. Melaksanakan Pembinaan SPIP dan Manajemen Risiko,Biro Perencanaan dan Kerjasama,Bagian Manajemen Risiko dan Dukungan Strategis Pimpinan
4,Capaian Prioritas Nasional,99.9,99.93,Catatan: Perlu ditingkatkan kinerja IKSS dan RO yang telah dicapai dengan memperhatikan konsistensi perencanaan dan penganggaran antara RKP dan Renja K/L pada periode tahun berjalan,1. Monitoring capaian RO Prioritas Nasional setiap triwulan,Biro Perencanaan dan Kerjasama,Tim Monitoring dan Evaluasi Program - Lidya Indah Aribi
5,Indeks Perencanaan Pembangunan,"93,90","93,95","Catatan: Hasil Penilaian Indeks Perencanaan Pembangunan Nasional (IPPN) BPS Tahun 2025 menunjukan capaian Predikat sangat baik dengan nilai kumulatif 93,90. Capaian ini mencerminkan kualitas perencanaan yang kuat, namun tetap memerlukan upaya konsistensi serta penyempurnaan pada beberapa  sub indikator agar konerja perencanaan semakin optimal dan berkelanjutan. 

Rekomendasi: (1) BPS perlu meningkatkan konsistensi penerapan Peraturan Menteri PPN/Kepala Bappenas Nomor 1 Tahun 2021, khususnya dalam penggunaan Modul Sinkronisasi pada proses penyelarasan data antara sistem KRISNA dan SAKTI pada fase sinkronisasi tahun pelaksanaan. Konsistensi ini penting untuk memastikan kesesuaian data perencanaan dan penganggaran secara sistematis. (2) Pembaruan data pada sistem KRISNA dan SAKTI perlu dilakukan secara rutin setiap triwulan apabila terdapat perubahan dokumen perencanaan dan penganggaran. Penyesuaian ini mencakup dinamika kebijakan, penyempurnaan Renja, serta perubahan struktur program dan kegiatan yang berdampak pada muatan perencanaan, alokasi anggaran, dan informasi kinerja (Visi, Misi, Sasaran Strategis, Sasaran Program, dan Sasaran Kegiatan), guna menjaga konsistensi antara Renstra, Renja, dan RKA BPS. (3) Realisasi dan perubahan alokasi pada Rincian Output (RO), khususnya RO Prioritas, agar menjaga konsistensi antara DIPA akhir, penyesuaia anggaran pada tahun pelaksanaan, dan alokasi yang tercantum pada Rencana Kerja Pemerintah )RKP). Deviasi perhitungan alokasi diupayakan tidak melebihi 10%. Apabila terdapat penyesuaian yang disepakati dalam Berita Acara, maka penyesuaian tersebut perlu ditindaklanjuti dan tercermin secara konsisten pada seluruh dokumen dan sistem terkait",1. Evaluasi dan internalisasi kepada tim perencanaan dan pelaksanaan anggaran terkait hasil penilaian Indeks Perencanaan Pembangunan Nasional Tahun 2026 khususnya untuk catatan yang perlu ditindaklanjuti.,Biro Perencanaan dan Kerjasama,Tim Konsolidasi - Dwi Wulan
5,Indeks Perencanaan Pembangunan,"93,90","93,95","Catatan: Hasil Penilaian Indeks Perencanaan Pembangunan Nasional (IPPN) BPS Tahun 2025 menunjukan capaian Predikat sangat baik dengan nilai kumulatif 93,90. Capaian ini mencerminkan kualitas perencanaan yang kuat, namun tetap memerlukan upaya konsistensi serta penyempurnaan pada beberapa  sub indikator agar konerja perencanaan semakin optimal dan berkelanjutan. 

Rekomendasi: (1) BPS perlu meningkatkan konsistensi penerapan Peraturan Menteri PPN/Kepala Bappenas Nomor 1 Tahun 2021, khususnya dalam penggunaan Modul Sinkronisasi pada proses penyelarasan data antara sistem KRISNA dan SAKTI pada fase sinkronisasi tahun pelaksanaan. Konsistensi ini penting untuk memastikan kesesuaian data perencanaan dan penganggaran secara sistematis. (2) Pembaruan data pada sistem KRISNA dan SAKTI perlu dilakukan secara rutin setiap triwulan apabila terdapat perubahan dokumen perencanaan dan penganggaran. Penyesuaian ini mencakup dinamika kebijakan, penyempurnaan Renja, serta perubahan struktur program dan kegiatan yang berdampak pada muatan perencanaan, alokasi anggaran, dan informasi kinerja (Visi, Misi, Sasaran Strategis, Sasaran Program, dan Sasaran Kegiatan), guna menjaga konsistensi antara Renstra, Renja, dan RKA BPS. (3) Realisasi dan perubahan alokasi pada Rincian Output (RO), khususnya RO Prioritas, agar menjaga konsistensi antara DIPA akhir, penyesuaia anggaran pada tahun pelaksanaan, dan alokasi yang tercantum pada Rencana Kerja Pemerintah )RKP). Deviasi perhitungan alokasi diupayakan tidak melebihi 10%. Apabila terdapat penyesuaian yang disepakati dalam Berita Acara, maka penyesuaian tersebut perlu ditindaklanjuti dan tercermin secara konsisten pada seluruh dokumen dan sistem terkait",2. Peningkatan kualitas dokumen perencanaan BPS,,
6,Indeks Kualitas Kebijakan,87.4,87.5,Catatan: Fully Participant (Sangat Baik),1. Kebijakan disusun berdasarkan data dan informasi yang valid (kajian/telaahan/penelitian/analisis kebijakan),Biro Hukum dan Organisasi,Surya Ramadhana
6,Indeks Kualitas Kebijakan,87.4,87.5,Catatan: Fully Participant (Sangat Baik),2. Pemangku kepentingan terlibat dalam perumusan kebijakan,Biro Hukum dan Organisasi,
6,Indeks Kualitas Kebijakan,87.4,87.5,"Rekomendasi: Peningkatan kualitas kebijakan pada dimensi perencanaan, implementasi, evaluasi dan transparansi dan partisipasi publik",3. Analisis dampak kebijakan dilakukan sebelum implementasi,Biro Hukum dan Organisasi,
6,Indeks Kualitas Kebijakan,87.4,87.5,"Rekomendasi: Peningkatan kualitas kebijakan pada dimensi perencanaan, implementasi, evaluasi dan transparansi dan partisipasi publik",4. Kebijakan memiliki kejelasan koordinasi dan komunikasi dalam pelaksanaannya,Biro Hukum dan Organisasi,
6,Indeks Kualitas Kebijakan,87.4,87.5,"Rekomendasi: Peningkatan kualitas kebijakan pada dimensi perencanaan, implementasi, evaluasi dan transparansi dan partisipasi publik",5. Kebijakan dapat diimplementasikan secara efektif di lapangan,Biro Hukum dan Organisasi,
6,Indeks Kualitas Kebijakan,87.4,87.5,"Rekomendasi: Peningkatan kualitas kebijakan pada dimensi perencanaan, implementasi, evaluasi dan transparansi dan partisipasi publik",6. Apakah ada mekanisme pengawasan dan akuntabilitas dalam pelaksanaan kebijakan,Biro Hukum dan Organisasi,
6,Indeks Kualitas Kebijakan,87.4,87.5,"Rekomendasi: Peningkatan kualitas kebijakan pada dimensi perencanaan, implementasi, evaluasi dan transparansi dan partisipasi publik",7. Kebijakan dievaluasi untuk perbaikan berkelanjutan,Biro Hukum dan Organisasi,
6,Indeks Kualitas Kebijakan,87.4,87.5,"Rekomendasi: Peningkatan kualitas kebijakan pada dimensi perencanaan, implementasi, evaluasi dan transparansi dan partisipasi publik",8. Kebijakan memiliki dampak yang terukur bagi masyarakat,Biro Hukum dan Organisasi,
6,Indeks Kualitas Kebijakan,87.4,87.5,"Rekomendasi: Peningkatan kualitas kebijakan pada dimensi perencanaan, implementasi, evaluasi dan transparansi dan partisipasi publik",9. Kebijakan selaras dengan kebijakan lain yang relevan,Biro Hukum dan Organisasi,
6,Indeks Kualitas Kebijakan,87.4,87.5,"Rekomendasi: Peningkatan kualitas kebijakan pada dimensi perencanaan, implementasi, evaluasi dan transparansi dan partisipasi publik",10. Informasi kebijakan dapat diakses oleh publik,Biro Hukum dan Organisasi,
6,Indeks Kualitas Kebijakan,87.4,87.5,"Rekomendasi: Peningkatan kualitas kebijakan pada dimensi perencanaan, implementasi, evaluasi dan transparansi dan partisipasi publik",11. Mekanisme bagi masyarakat untuk memberikan masukan atau mengajukan keberatan,Biro Hukum dan Organisasi,
7,Indeks Reformasi Hukum,99,99.1,"Catatan: melebihi target
Rekomendasi: -",1. Tersedianya laporan penyusunan Peraturan Perundang-undangan dan produk hukum lainnya,Biro Hukum dan Organisasi,Arcci Surya Adhitya Sriyantoro
7,Indeks Reformasi Hukum,99,99.1,"Catatan: melebihi target
Rekomendasi: -",2. Tersedianya laporan pembinaan Perancang Peraturan Perundang-undangan,Biro Hukum dan Organisasi,
7,Indeks Reformasi Hukum,99,99.1,"Catatan: melebihi target
Rekomendasi: -",3. Penyusunan laporan tindak lanjut hasil analisis dan evaluasi Peraturan Perundang-undangan,Biro Hukum dan Organisasi,
7,Indeks Reformasi Hukum,99,99.1,"Catatan: melebihi target
Rekomendasi: -",4. Penyusunan Laporan Perencanaan Kebijakan,Biro Hukum dan Organisasi,
7,Indeks Reformasi Hukum,99,99.1,"Catatan: melebihi target
Rekomendasi: -",5. Tersedianya Laporan Implementasi Kebijakan,Biro Hukum dan Organisasi,
7,Indeks Reformasi Hukum,99,99.1,"Catatan: melebihi target
Rekomendasi: -",6. Penyusunan Laporan Evaluasi dan Keberlanjutan Kebijakan,Biro Hukum dan Organisasi,
7,Indeks Reformasi Hukum,99,99.1,"Catatan: melebihi target
Rekomendasi: -",7. Terwujudnya Kualitas re-regulasi atau deregulasi berbagai Peraturan Perundangan-undangan dan produk hukum lainnya berdasarkan hasil reviu,Biro Hukum dan Organisasi,
7,Indeks Reformasi Hukum,99,99.1,"Catatan: melebihi target
Rekomendasi: -",8. Terwujudnya Database Peraturan Perundang-undangan yang lengkap dan handal,Biro Hukum dan Organisasi,
7,Indeks Reformasi Hukum,99,99.1,"Catatan: melebihi target
Rekomendasi: -",9. Tersedianya Laporan Transparansi dan Partisipasi Publik,Biro Hukum dan Organisasi,
8,Tingkat Capaian Sistem Kerja untuk Penyederhaan Birokrasi,4,5,"Catatan: melebihi target
Rekomendasi: -",1. Publikasi pedoman Sistem dan Mekanisme Kerja,Biro Hukum dan Organisasi,Atang Suhendi
8,Tingkat Capaian Sistem Kerja untuk Penyederhaan Birokrasi,4,5,"Catatan: melebihi target
Rekomendasi: -",2. Penyusunan/Reviu Peta Proses Bisnis,Biro Hukum dan Organisasi,
8,Tingkat Capaian Sistem Kerja untuk Penyederhaan Birokrasi,4,5,"Catatan: melebihi target
Rekomendasi: -",2. melakukan penyusunan revisi pedoman penyusunan SOP di lingkungan BPS,Biro Hukum dan Organisasi,
9,Persentase Penyederhaan Struktur Organisasi,100,100,"Catatan: melebihi target
Rekomendasi: -",1. Menyusun usulan penataan organisasi BPS,Biro Hukum dan Organisasi,Arif Rosyanto
9,Persentase Penyederhaan Struktur Organisasi,100,100,"Catatan: melebihi target
Rekomendasi: -",2. Menyusun usulan penataan organisasi instansi vertikal BPS,Biro Hukum dan Organisasi,
10,Tingkat Digitalisasi Arsip ,96.82,"96,82",1. Melaksanakan pemberkasan arsip pada aplikasi SRIKANDI baik naskah dinas masuk dan naskah dinas keluar terhadap seluruh naskah dinas di lingkungan unit pengolah Badan Pusat Statistik,1. Pemberkasan naskah dinas  pada aplikasi Srikandi ,Biro Umum dan Humas,Tri Purwanto
10,Tingkat Digitalisasi Arsip ,96.82,"96,82",2. Mengupayakan dan memastikan seluruh pengguna aplikasi  SRIKANDI untuk aktif membuka dan menggunakan aplikasi SRIKANDI ,2. Keaktifan seluruh akun dalam penggunaan aplikasi SRIKANDI,Biro Umum dan Humas,Tri Purwanto
10,Tingkat Digitalisasi Arsip ,96.82,"96,82",3. Menetapkan target alih media arsip di unit kearsipan I Badan Pusat Statistik,3. Pelaksanaan alih media arsip sesuai target,Biro Umum dan Humas,Tri Purwanto
11,Indeks Tata Kelola Pengadaan (ITKP),"90,07","90,07",1. Keterisian JF PPBJ belum memenuhi 100% namun sudah diatas 60%,"1. Pemenuhan Keterisian Formasi JF PPBJ baik melalui Pengangkatan Pertama, Perpindahan Jabatan Lainnya (PJL), maupun kenaikan Jenjang",Biro Umum dan Humas,Ranny Puspitasari
11,Indeks Tata Kelola Pengadaan (ITKP),"90,07","90,07",2. Level Kematangan sudah mencapai 8/9 Level 3 (Proaktif). Lakukan Pembaruan bukti dukung untuk mencapai 9/9 Level 3 (Proaktif),2. Pemenuhan/Update Bukti Dukung dalam Rangka Pencapaian Kematangan UKPBJ Level 3 (Proaktif) dan PKP,Biro Umum dan Humas,Ranny Puspitasari
11,Indeks Tata Kelola Pengadaan (ITKP),"90,07","90,07",3. Rekomendasi : Lakukan Persiapan Penilaian ITKP 2026 sesuai metode penilaian baru ,3. Pelaksanaan monitoring pemanfaatan Sistem Pengadaan Barang/Jasa ,Biro Umum dan Humas,Ranny Puspitasari
11,Indeks Tata Kelola Pengadaan (ITKP),"90,07","90,07",3. Rekomendasi : Lakukan Persiapan Penilaian ITKP 2026 sesuai metode penilaian baru ,4. Implementasi penyelenggaraan Clearing House Pengadaan sesuai dengan ketentuan,Biro Umum dan Humas,Ranny Puspitasari
12,Indikator Kinerja Pelaksanaan Anggaran (IKPA),"97,84","97,84","Catatan: Nilai IKPA yang digunakan pada Penilaian Reformasi Birokrasi Tahun 2025 merupakan nilai IKPA TA 2025 dengan tanggal cut off penilaian IKPA tahun 2025 adalah 23 Januari 2026.
Rekomendasi: Capaian IKPA sudah Sangat Baik. Satker dan K/L agar dapat mempertahankan dan meningkatkan capaian IKPA untuk tahun-tahun selanjutnya",1. Melakukan review DIPA secara periodik,Biro Keuangan,Wuri Hariyati
12,Indikator Kinerja Pelaksanaan Anggaran (IKPA),"97,84","97,84","Catatan: Nilai IKPA yang digunakan pada Penilaian Reformasi Birokrasi Tahun 2025 merupakan nilai IKPA TA 2025 dengan tanggal cut off penilaian IKPA tahun 2025 adalah 23 Januari 2026.
Rekomendasi: Capaian IKPA sudah Sangat Baik. Satker dan K/L agar dapat mempertahankan dan meningkatkan capaian IKPA untuk tahun-tahun selanjutnya",2. Melakukan penyusunan rencana penarikan dana masing-masing jenis belanja,Biro Keuangan,Wuri Hariyati
12,Indikator Kinerja Pelaksanaan Anggaran (IKPA),"97,84","97,84","Catatan: Nilai IKPA yang digunakan pada Penilaian Reformasi Birokrasi Tahun 2025 merupakan nilai IKPA TA 2025 dengan tanggal cut off penilaian IKPA tahun 2025 adalah 23 Januari 2026.
Rekomendasi: Capaian IKPA sudah Sangat Baik. Satker dan K/L agar dapat mempertahankan dan meningkatkan capaian IKPA untuk tahun-tahun selanjutnya",3. Melakukan monitoring penyerapan anggaran,Biro Keuangan,Wuri Hariyati
12,Indikator Kinerja Pelaksanaan Anggaran (IKPA),"97,84","97,84","Catatan: Nilai IKPA yang digunakan pada Penilaian Reformasi Birokrasi Tahun 2025 merupakan nilai IKPA TA 2025 dengan tanggal cut off penilaian IKPA tahun 2025 adalah 23 Januari 2026.
Rekomendasi: Capaian IKPA sudah Sangat Baik. Satker dan K/L agar dapat mempertahankan dan meningkatkan capaian IKPA untuk tahun-tahun selanjutnya",4. Melakukan monitoring belanja kontraktual dan penyelesaian tagihan,Biro Keuangan,Wuri Hariyati
12,Indikator Kinerja Pelaksanaan Anggaran (IKPA),"97,84","97,84","Catatan: Nilai IKPA yang digunakan pada Penilaian Reformasi Birokrasi Tahun 2025 merupakan nilai IKPA TA 2025 dengan tanggal cut off penilaian IKPA tahun 2025 adalah 23 Januari 2026.
Rekomendasi: Capaian IKPA sudah Sangat Baik. Satker dan K/L agar dapat mempertahankan dan meningkatkan capaian IKPA untuk tahun-tahun selanjutnya","5. Melakukan koordinasi antara Bendahara, Penanggungjawab kegiatan dan PPK terkait penggunaan UP dan TUP",Biro Keuangan,Wuri Hariyati
12,Indikator Kinerja Pelaksanaan Anggaran (IKPA),"97,84","97,84","Catatan: Nilai IKPA yang digunakan pada Penilaian Reformasi Birokrasi Tahun 2025 merupakan nilai IKPA TA 2025 dengan tanggal cut off penilaian IKPA tahun 2025 adalah 23 Januari 2026.
Rekomendasi: Capaian IKPA sudah Sangat Baik. Satker dan K/L agar dapat mempertahankan dan meningkatkan capaian IKPA untuk tahun-tahun selanjutnya",6. Membuat Surat Edaran mengenai langkah-langkah akhir tahun anggaran ,Biro Keuangan,Wuri Hariyati
12,Indikator Kinerja Pelaksanaan Anggaran (IKPA),"97,84","97,84","Catatan: Nilai IKPA yang digunakan pada Penilaian Reformasi Birokrasi Tahun 2025 merupakan nilai IKPA TA 2025 dengan tanggal cut off penilaian IKPA tahun 2025 adalah 23 Januari 2026.
Rekomendasi: Capaian IKPA sudah Sangat Baik. Satker dan K/L agar dapat mempertahankan dan meningkatkan capaian IKPA untuk tahun-tahun selanjutnya",7. Menetapkan target dan penyampaian perhitungan capaian output dengan benar dan tepat waktu ,Biro Keuangan,Wuri Hariyati
13,Opini BPK,WTP,WTP,"Catatan: Nilai IKPA yang digunakan pada Penilaian Reformasi Birokrasi Tahun 2025 merupakan nilai IKPA TA 2025 dengan tanggal cut off penilaian IKPA tahun 2025 adalah 23 Januari 2026.
Rekomendasi: Capaian IKPA sudah Sangat Baik. Satker dan K/L agar dapat mempertahankan dan meningkatkan capaian IKPA untuk tahun-tahun selanjutnya",1. Menyusun dan Mengirimkan Laporan Keuangan BPS yang sesuai dengan Standar Akuntansi Pemerintahan secara tepat waktu,Biro Keuangan dan BMN,"Biro Keuangan dan BMN, Biro Perencanaan dan Kerjasama, Biro Hukum dan Organisasi, dan Inspektorat Utama"
13,Opini BPK,WTP,WTP,"Catatan: Nilai IKPA yang digunakan pada Penilaian Reformasi Birokrasi Tahun 2025 merupakan nilai IKPA TA 2025 dengan tanggal cut off penilaian IKPA tahun 2025 adalah 23 Januari 2026.
Rekomendasi: Capaian IKPA sudah Sangat Baik. Satker dan K/L agar dapat mempertahankan dan meningkatkan capaian IKPA untuk tahun-tahun selanjutnya","2. Penyelesaian Menu To Do List, Rekonsiliasi, Monitoring, dan Daftar Rincian pada Aplikasi MonSAKTI tingkat Instansii pada BPS",Biro Keuangan dan BMN,Biro Keuangan dan BMN
13,Opini BPK,WTP,WTP,"Catatan: Nilai IKPA yang digunakan pada Penilaian Reformasi Birokrasi Tahun 2025 merupakan nilai IKPA TA 2025 dengan tanggal cut off penilaian IKPA tahun 2025 adalah 23 Januari 2026.
Rekomendasi: Capaian IKPA sudah Sangat Baik. Satker dan K/L agar dapat mempertahankan dan meningkatkan capaian IKPA untuk tahun-tahun selanjutnya",3. Penerapan Pengendalian Intern atas Pelaporan Keuangan (PIPK) TA 2026,Biro Keuangan dan BMN,Biro Keuangan dan BMN
13,Opini BPK,WTP,WTP,"Catatan: Nilai IKPA yang digunakan pada Penilaian Reformasi Birokrasi Tahun 2025 merupakan nilai IKPA TA 2025 dengan tanggal cut off penilaian IKPA tahun 2025 adalah 23 Januari 2026.
Rekomendasi: Capaian IKPA sudah Sangat Baik. Satker dan K/L agar dapat mempertahankan dan meningkatkan capaian IKPA untuk tahun-tahun selanjutnya",4. Pelaksanaan pembinaan dalam pelaporan keuangan tingkat wilayah dan satker dalam bentuk Workshop Penyusunan Laporan Keuangan,Biro Keuangan dan BMN,Biro Keuangan dan BMN
14,Indeks Pengelolaan Aset (IPA),3.68,3.68,"Catatan: -
Rekomendasi: Mempertahankan parameter dengan indeks 4 (Sangat Baik) dan meningkatkan capaian parameter dengan indeks di atas atau sama dengan 3 (Baik), yaitu parameter Tindak Lanjut Temuan pada LHP BPK atas LKPP terkait BMN, Realisasi PNBP di Bidang Pengelolaan Aset, Ketepatan Waktu dan Kelengkapan Dokumen dalam Penyampaian Laporan dan usulan RKBMN, Tindak lanjut BMN Rusak Berat","Dalam rangka memperoleh nilai IPA (minimal) sesuai target yang sudah ditetapkan, maka akan dilakukan beberapa hal sbb:",Biro Keuangan dan BMN ,Bagian Pengelolaan Barang Milik Negara
14,Indeks Pengelolaan Aset (IPA),3.68,3.68,"Catatan: -
Rekomendasi: Mempertahankan parameter dengan indeks 4 (Sangat Baik) dan meningkatkan capaian parameter dengan indeks di atas atau sama dengan 3 (Baik), yaitu parameter Tindak Lanjut Temuan pada LHP BPK atas LKPP terkait BMN, Realisasi PNBP di Bidang Pengelolaan Aset, Ketepatan Waktu dan Kelengkapan Dokumen dalam Penyampaian Laporan dan usulan RKBMN, Tindak lanjut BMN Rusak Berat",1. Optimalisasi tindak lanjut atas rekomendasi BPK,,
14,Indeks Pengelolaan Aset (IPA),3.68,3.68,"Catatan: -
Rekomendasi: Mempertahankan parameter dengan indeks 4 (Sangat Baik) dan meningkatkan capaian parameter dengan indeks di atas atau sama dengan 3 (Baik), yaitu parameter Tindak Lanjut Temuan pada LHP BPK atas LKPP terkait BMN, Realisasi PNBP di Bidang Pengelolaan Aset, Ketepatan Waktu dan Kelengkapan Dokumen dalam Penyampaian Laporan dan usulan RKBMN, Tindak lanjut BMN Rusak Berat","2. Perbaikan pengelolaan PNBP, terutama dari sisi penetapan estimasi PNBP yang berasal dari pengelolan BMN",,
14,Indeks Pengelolaan Aset (IPA),3.68,3.68,"Catatan: -
Rekomendasi: Mempertahankan parameter dengan indeks 4 (Sangat Baik) dan meningkatkan capaian parameter dengan indeks di atas atau sama dengan 3 (Baik), yaitu parameter Tindak Lanjut Temuan pada LHP BPK atas LKPP terkait BMN, Realisasi PNBP di Bidang Pengelolaan Aset, Ketepatan Waktu dan Kelengkapan Dokumen dalam Penyampaian Laporan dan usulan RKBMN, Tindak lanjut BMN Rusak Berat","3. Memenuhi kewajiban dalam hal penyampaian Laporan, baik dari sisi ketepatan waktu penyampaian maupun kelengkapan laporan",,
14,Indeks Pengelolaan Aset (IPA),3.68,3.68,"Catatan: -
Rekomendasi: Mempertahankan parameter dengan indeks 4 (Sangat Baik) dan meningkatkan capaian parameter dengan indeks di atas atau sama dengan 3 (Baik), yaitu parameter Tindak Lanjut Temuan pada LHP BPK atas LKPP terkait BMN, Realisasi PNBP di Bidang Pengelolaan Aset, Ketepatan Waktu dan Kelengkapan Dokumen dalam Penyampaian Laporan dan usulan RKBMN, Tindak lanjut BMN Rusak Berat",4. Monitoring Pelaksanaan proses Penghapusan dan Penetapan Status BMN,,
14,Indeks Pengelolaan Aset (IPA),3.68,3.68,"Catatan: -
Rekomendasi: Mempertahankan parameter dengan indeks 4 (Sangat Baik) dan meningkatkan capaian parameter dengan indeks di atas atau sama dengan 3 (Baik), yaitu parameter Tindak Lanjut Temuan pada LHP BPK atas LKPP terkait BMN, Realisasi PNBP di Bidang Pengelolaan Aset, Ketepatan Waktu dan Kelengkapan Dokumen dalam Penyampaian Laporan dan usulan RKBMN, Tindak lanjut BMN Rusak Berat",5. Optimalisasi sertifikasi tanah negara yang sudah ditetapkan.,,
15,Indeks BerAKHLAK,78.58,81,Catatan: Kategori sehat,1. Koordinasi dengan Kementerian PAN RB tentang pengukuran Indeks Berakhlak ,Biro SDM,Biro SDM
16,Indeks Sistem Merit,336,340,Catatan: 2024,"1. Melakukan assessment terhadap seluruh pegawai sesuai dengan standar kompetensi jabatan, dan penyusunan profil pegawai berdasarkan kompetensi/talenta dan diperbarui secara berkala",Biro SDM,Biro SDM
16,Indeks Sistem Merit,336,340,Catatan: 2024,2. Menyempurnakan serta melengkapi  penyusunan talent pool untuk seluruh  pegawai di dalam aplikasi Manajemen Talenta  berpedoman pada Peraturan Menteri  Pendayagunaan Aparatur Negara dan Reformasi Birokrasi Nomor 3 Tahun 2020 tentang Manajemen Talenta Aparatur Sipil Negara,Biro SDM,Biro SDM
16,Indeks Sistem Merit,336,340,Catatan: 2024,3. Menyempurnakan penyusunan dokumen kesenjangan kualifikasi dan kesenjangan kompetensi untuk seluruh pegawai yang diperbarui secara berkala di dalam aplikasi Manajemen Talenta,Biro SDM,Biro SDM
16,Indeks Sistem Merit,336,340,Catatan: 2024,"4. Mengoptimalisasi program dan/atau strategi pengembangan kompetensi pegawai dalam bentuk klasikal dan non klasikal, yang berbasis pada kesenjangan kompetensi kualifikasi dan kinerja pegawai, dengan berpedoman pada Peraturan  Lembaga Administrasi Negara Nomor 10 Tahun 2018 tentang Pengembangan Kompetensi Pegawai Negeri Sipil.",Biro SDM,Biro SDM
16,Indeks Sistem Merit,336,340,Catatan: 2024,5. Melaksanakan strategi untuk mengatasi permasalahan kinerja untuk seluruh pegawai secara berkala. ,Biro SDM,Biro SDM
16,Indeks Sistem Merit,336,340,Catatan: 2024,6. Melaksanakan  pemberian penghargaan kepada pegawai berprestasi sesuai dengan peraturan yang berlaku secara konsisten; ,Biro SDM,Biro SDM
17,Indeks Pelayanan Publik (IPP),4.92,4.85,"Catatan: -
Rekomendasi: Disampaikan melalui LHE yang disampaikan deputi pelayanan publik. ",1. Melakukan evaluasi kinerja pelayanan publik secara mandiri sesuai Standar KemenPANRB,"Direktorat Diseminasi, Pemberdayaan dan Evaluasi Penyelenggaraan Statistik","Direktorat Diseminasi, Pemberdayaan dan Evaluasi Penyelenggaraan Statistik"
17,Indeks Pelayanan Publik (IPP),4.92,4.85,"Catatan: -
Rekomendasi: Disampaikan melalui LHE yang disampaikan deputi pelayanan publik. ",2. Mengimplementasikan sistem manajemen mutu ISO 9001:2015 pada Pelayanan Statistik Terpadu BPS,"Direktorat Diseminasi, Pemberdayaan dan Evaluasi Penyelenggaraan Statistik","Direktorat Diseminasi, Pemberdayaan dan Evaluasi Penyelenggaraan Statistik"
18,Tingkat Kepatuhan Standar Pelayanan Publik,94.99,94.99,"Catatan: -
Rekomendasi: -",1. Melakukan evaluasi kinerja pelayanan publik secara mandiri sesuai Standar Ombudsman Rl,"Direktorat Diseminasi, Pemberdayaan dan Evaluasi Penyelenggaraan Statistik","Direktorat Diseminasi, Pemberdayaan dan Evaluasi Penyelenggaraan Statistik"
19,Survei Kepuasan Masyarakat,95.86,95.86,"Catatan: -
Rekomendasi: Mempertahankan kualitas pelayanan publik serta melakukan perbaikan secara berkelanjutan, Mengoptimalkan data hasil SKM sebagai dasar perbaikan pelayanan",1. Pengukuran kepuasan masyarakat terhadap pelayanan publik,"Direktorat Diseminasi, Pemberdayaan dan Evaluasi Penyelenggaraan Statistik","Direktorat Diseminasi, Pemberdayaan dan Evaluasi Penyelenggaraan Statistik"
20,Indeks Pembangunan Statistik,95.86,4.33,1. Penerapan Prinsip satu Data Indonesia di Badan Pusat Statistik sudah melakukan input standar data seluruh kegiatan statistik dan sudah melakukan reviu usulan Standar Data Statistik tahun 2022,1. Pelaksanaan pemantauan/reviu penerapan SDI di BPS,"Direktorat Diseminasi, Pemberdayaan, dan Evaluasi Penyelenggaraan Statistik ","Direktorat Diseminasi, Pemberdayaan, dan Evaluasi Penyelenggaraan Statistik (Walidata)"
20,Indeks Pembangunan Statistik,95.86,4.33,2. Penerapan  Kualitas Data di Badan Pusat Statistik sudah didukung Perka BPS nomor 99 Tahun 2024 tentang Penyelenggaraan Survei Kebutuhan Data di Lingkungan Badan Pusat Statistik dan Perka BPS nomor 117 Tahun 2023 tebtang Pedoman Penjaminan Kualitas Statistik melalui Quality Gates,2. Pelaksanaan pemantauan/reviu penerapan Kualitas Data di BPS,"Direktorat Diseminasi, Pemberdayaan, dan Evaluasi Penyelenggaraan Statistik ",Subdit Evaluasi Penyelenggaraan Statistik
20,Indeks Pembangunan Statistik,95.86,4.33,"3. Penerapan Proses Bisnis telah didukung ketersediaan dokumen Kerangka Acuan Kerja, dokumen reviu yang sistematis terhadap instrumen kegiatan statistik, dokumen buku pedoman pelaksanaan kegiatan statistik baik administrasi, tahap pengumpulan maupun pengolahan data, dokumen pedoman diseminasi yang seluruh jenis dokumen tersebut mendapatkan reviu secara berkala.",3. Pelaksanaan pemantauan/reviu ketersediaan dokumen kegiatan statistik  ,"Direktorat Diseminasi, Pemberdayaan, dan Evaluasi Penyelenggaraan Statistik ",Tim Pengelolaan Perpustakaan dan Produk Statistik
20,Indeks Pembangunan Statistik,95.86,4.33,4. Penerapan Kelembagaan di Badan Pusat Statistik telah tercermin dengan penyelenggaraan kegiatan Statistik telah dilakukan secara kolaboratif antar unit kerja di BPS dalam rangka peningkatan kualitas,4. Pemantauan/reviu Pelaksanaan kolaborasi antar unit kerja dan kerja sama,Biro Perencanaan dan Kerja Sama,Tim Kerja sama
20,Indeks Pembangunan Statistik,95.86,4.33,5. Penerapan Sistem Statistik Nasional di Badan Pusat Statistik masih perlu didorong terkait pemanfaatan big Data,5. Pelaksanaan pemanfaatan big data untuk mendukung indikator statistik,Direktorat Metodologi Statistik dan Data Sains,Tim Data Sains
21,Indeks SPBE / Pemerintah Digital,4.53,"1,70",1. Reviu Peta Rencana SPBE BPS dan mengubah menjadi Peta Rencana Pemerintah Digital BPS,a. Menganalisis Renstra BPS 2025-2029,Direktorat SIS,Yulia Virantina
21,Indeks SPBE / Pemerintah Digital,4.53,(sesuai target Indeks Pemdi nasional pada RPJMN 2025-2029),1. Reviu Peta Rencana SPBE BPS dan mengubah menjadi Peta Rencana Pemerintah Digital BPS,b. Menyusun Perka Transformasi Pemerintah Digital BPS,,
21,Indeks SPBE / Pemerintah Digital,4.53,(sesuai target Indeks Pemdi nasional pada RPJMN 2025-2029),1. Reviu Peta Rencana SPBE BPS dan mengubah menjadi Peta Rencana Pemerintah Digital BPS,c. Menyusun Peta Rencana Pemerintah Digital BPS 2025-2029,,
21,Indeks SPBE / Pemerintah Digital,4.53,(sesuai target Indeks Pemdi nasional pada RPJMN 2025-2029),2. Reviu Pengembangan Layanan Online (Aplikasi Presensi BPS),a. Evaluasi Layanan Aplikasi Presensi Online BPS,,
21,Indeks SPBE / Pemerintah Digital,4.53,(sesuai target Indeks Pemdi nasional pada RPJMN 2025-2029),2. Reviu Pengembangan Layanan Online (Aplikasi Presensi BPS),b. Tindak lanjut/ pengembangan Layanan Aplikasi Presensi Online BPS berdasarkan hasil evaluasi,,
21,Indeks SPBE / Pemerintah Digital,4.53,(sesuai target Indeks Pemdi nasional pada RPJMN 2025-2029),3. Audit TIK SPBE Eksternal,a. Audit Aplikasi SPBE oleh Auditor Eksternal,,
21,Indeks SPBE / Pemerintah Digital,4.53,(sesuai target Indeks Pemdi nasional pada RPJMN 2025-2029),3. Audit TIK SPBE Eksternal,b. Audit Infrastruktur SPBE oleh Auditor Eksternal,,
22,Tingkat Implementasi Kebijakan Arsitektur SPBE,4,5,Instansi perlu melakukan Perencanaan dan Penganggaran SPBE berbasis Arsitektur SPBE dengan menerapkan mekanisme Evaluasi/ Clearance Belanja SPBE di instansi,a. Menyusun Kebijakan Arsitektur Pemerintah Digital BPS  2025-2029 (Perka BPS),,
22,Tingkat Implementasi Kebijakan Arsitektur SPBE,4,5,Instansi perlu melakukan Perencanaan dan Penganggaran SPBE berbasis Arsitektur SPBE dengan menerapkan mekanisme Evaluasi/ Clearance Belanja SPBE di instansi,b. Menyusun Peta Rencana Pemerintah Digital BPS 2025-2029,,
22,Tingkat Implementasi Kebijakan Arsitektur SPBE,4,5,Instansi perlu melakukan Perencanaan dan Penganggaran SPBE berbasis Arsitektur SPBE dengan menerapkan mekanisme Evaluasi/ Clearance Belanja SPBE di instansi,c. Menggambarkan Peta Rencana Pemerintah Digital BPS  2025-2029 pada SIA SPBE,,
23,Tindak Lanjut Rekomendasi,66.4,82.09,-,1. Inventarisasi rekomendasi BPK yang belum ditindaklanjuti,Inspektorat II,Pengawasan Tindak Lanjut Hasil Pemeriksaan Eksternal dan Konsultansi atas Pengelolaan Keuangan Negara
23,Tindak Lanjut Rekomendasi,66.4,82.09,-,2. Koordinasi dengan satker/unit kerja pemilik rekomendasi,Inspektorat II,Pengawasan Tindak Lanjut Hasil Pemeriksaan Eksternal dan Konsultansi atas Pengelolaan Keuangan Negara
23,Tindak Lanjut Rekomendasi,66.4,82.09,-,3. Klarifikasi dan verifikasi dokumen pendukung tindak lanjut,Inspektorat II,Pengawasan Tindak Lanjut Hasil Pemeriksaan Eksternal dan Konsultansi atas Pengelolaan Keuangan Negara
23,Tindak Lanjut Rekomendasi,66.4,82.09,-,4. Evaluasi status tindak lanjut dan identifikasi hambatan,Inspektorat II,Pengawasan Tindak Lanjut Hasil Pemeriksaan Eksternal dan Konsultansi atas Pengelolaan Keuangan Negara
23,Tindak Lanjut Rekomendasi,66.4,82.09,-,5. Penyampaian hasil pemantauan kepada pimpinan dan BPK,Inspektorat II,Pengawasan Tindak Lanjut Hasil Pemeriksaan Eksternal dan Konsultansi atas Pengelolaan Keuangan Negara
23,Tindak Lanjut Rekomendasi,66.4,82.09,-,6. Updating Dashboard Pemantauan TL Rekomendasi BPK,Inspektorat II,Pengawasan Tindak Lanjut Hasil Pemeriksaan Eksternal dan Konsultansi atas Pengelolaan Keuangan Negara
24,Evaluasi Pembangunan Zona Integritas (ZI),47.12,71.24,NIHIL,1. Terlaksananya reviu SOP Evaluasi Pembangunan ZI,Inspektorat III,Tim 07
24,Evaluasi Pembangunan Zona Integritas (ZI),47.12,71.24,NIHIL,2. Terlaksananya reviu Pedoman Evaluasi Pembangunan ZI,Inspektorat III,Tim 07
24,Evaluasi Pembangunan Zona Integritas (ZI),47.12,71.24,NIHIL,Terlaksananya Pembangunan Dashboard Evaluasi Pembangunan ZI,Inspektorat III,Tim 07
24,Evaluasi Pembangunan Zona Integritas (ZI),47.12,71.24,NIHIL,3. Pengembangan Aplikasi Evaluasi ZI,Inspektorat III,Tim 07
24,Evaluasi Pembangunan Zona Integritas (ZI),47.12,71.24,NIHIL,4. Tersusunnya Kepka BPS tentang Tim Penilai Internal (TPI) Evaluasi Pembangunan ZI BPS Tahun 2025,Inspektorat III,Tim 07
24,Evaluasi Pembangunan Zona Integritas (ZI),47.12,71.24,NIHIL,Terlaksananya Sosialisasi Aplikasi ZIAPP,Inspektorat III,Tim 07
24,Evaluasi Pembangunan Zona Integritas (ZI),47.12,71.24,NIHIL,5. Terlaksananya Penyelenggaraan Bimbingan Teknis Evaluasi Pembangunan ZI,Inspektorat III,Tim 07
24,Evaluasi Pembangunan Zona Integritas (ZI),47.12,71.24,NIHIL,6. Terlaksananya  Evaluasi (Desk dan Field) Pembangunan ZI oleh TPI,Inspektorat III,Tim 07
24,Evaluasi Pembangunan Zona Integritas (ZI),47.12,71.24,NIHIL,7. Pleno Hasil Desk Evaluasi Pembangunan ZI,Inspektorat III,Tim 07
24,Evaluasi Pembangunan Zona Integritas (ZI),47.12,71.24,NIHIL,8. Submit usulan calon satker berpredikat menuju WBK/WBBM ke Kementerian PAN,Inspektorat III,Tim 07
24,Evaluasi Pembangunan Zona Integritas (ZI),47.12,71.24,NIHIL,dan RB Hasil Penilaian TPI melalui Portal ZI,,
24,Evaluasi Pembangunan Zona Integritas (ZI),47.12,71.24,NIHIL,9. Tersusunnya Kepka BPS tentang Satuan Kerja Berpredikat Menuju WBK/WBBM berdasarkan hasil Evaluasi TPI,Inspektorat III,Tim 07
24,Evaluasi Pembangunan Zona Integritas (ZI),47.12,71.24,NIHIL,10. Pendampingan evaluasi ZI oleh Kemenpan RB,Inspektorat III,Tim 07
25,Tingkat tindak lanjut pengaduan masyarakat (LAPOR) yang sudah diselesaikan,5,5,"Catatan:Seluruh kriteria evaluasi pengelolaan pengaduan masyarakat telah terpenuhi. Capaian ini perlu dipertahankan serta terus dioptimalkan guna menjaga kualitas pengelolaan pengaduan melalui SP4N–LAPOR! secara berkelanjutan.

Rekomendasi: Pengelolaan pengaduan masyarakat telah berjalan dengan baik. Capaian ini perlu dipertahankan serta terus ditingkatkan melalui penguatan komitmen dan konsistensi pengelolaan pengaduan secara berkelanjutan.",1. SOP Pengelolaan Pengaduan di Lingkungan BPS,Inspektorat III,
25,Tingkat tindak lanjut pengaduan masyarakat (LAPOR) yang sudah diselesaikan,5,5,"Catatan:Seluruh kriteria evaluasi pengelolaan pengaduan masyarakat telah terpenuhi. Capaian ini perlu dipertahankan serta terus dioptimalkan guna menjaga kualitas pengelolaan pengaduan melalui SP4N–LAPOR! secara berkelanjutan.

Rekomendasi: Pengelolaan pengaduan masyarakat telah berjalan dengan baik. Capaian ini perlu dipertahankan serta terus ditingkatkan melalui penguatan komitmen dan konsistensi pengelolaan pengaduan secara berkelanjutan.",2. Pemantauan SP4N-LAPOR! Bulanan,Inspektorat III,
25,Tingkat tindak lanjut pengaduan masyarakat (LAPOR) yang sudah diselesaikan,5,5,"Catatan:Seluruh kriteria evaluasi pengelolaan pengaduan masyarakat telah terpenuhi. Capaian ini perlu dipertahankan serta terus dioptimalkan guna menjaga kualitas pengelolaan pengaduan melalui SP4N–LAPOR! secara berkelanjutan.

Rekomendasi: Pengelolaan pengaduan masyarakat telah berjalan dengan baik. Capaian ini perlu dipertahankan serta terus ditingkatkan melalui penguatan komitmen dan konsistensi pengelolaan pengaduan secara berkelanjutan.",3.Updating SK Pengelolaan Pengaduan di lingkungan BPS (Kolaborasi dengan Biro Hukum dan Organisasi),Inspektorat III,
26,Survei Penilaian Integritas,79.39,79.39,"Dalam upaya meningkatkan integritas dan akuntabilitas di Badan Pusat Statistik, penting untuk membuat kebijakan yang melarang penggunaan anggaran dan fasilitas kantor untuk kepentingan pribadi. Kebijakan ini harus disertai dengan contoh dari pimpinan agar pegawai dapat memahami dan mengikuti aturan yang ditetapkan. Selain itu, penerapan sanksi atau hukuman terhadap pelanggar harus dilakukan secara adil dan konsisten, sehingga setiap pegawai merasa ada konsekuensi yang jelas atas tindakan mereka. Dengan langkah ini, diharapkan dapat menciptakan lingkungan kerja yang lebih profesional dan bertanggung jawab. Selanjutnya, Badan Pusat Statistik perlu menegakkan sanksi terkait pelanggaran perdagangan pengaruh yang mungkin terjadi dalam pengambilan keputusan. Hal ini dapat dilakukan dengan menerapkan larangan perdagangan pengaruh bagi seluruh pegawai dan pimpinan, disertai dengan kebijakan serta mekanisme penanganan yang jelas. Meningkatkan integritas calon pimpinan juga sangat penting, termasuk melakukan deklarasi konflik kepentingan secara tahunan. Dengan penguatan mekanisme pengawasan internal, diharapkan perdagangan pengaruh dapat terdeteksi dan diminimalisir, sehingga keputusan yang diambil lebih objektif dan transparan. Dalam konteks perintah atasan yang tidak sesuai aturan, Badan Pusat Statistik harus melakukan sosialisasi mengenai peraturan terkait gratifikasi dan benturan kepentingan. Sosialisasi ini perlu diikuti dengan ujian untuk memastikan pemahaman pegawai. Penegakan aturan harus dilakukan tanpa pandang bulu, dengan komitmen kepemimpinan yang kuat dalam menerapkan sistem manajemen kepatuhan. Dengan meluncurkan ISO-37301 dan ISO-37001, Badan Pusat Statistik dapat memperkuat sistem yang ada dan memastikan bahwa setiap pegawai memahami pentingnya kepatuhan terhadap aturan yang berlaku. Selain itu, untuk mengatasi pengalaman pegawai yang menerima pemberian dalam bentuk gratifikasi, Badan Pusat Statistik perlu melakukan sosialisasi yang lebih intensif mengenai larangan gratifikasi dan benturan kepentingan. Pimpinan harus menjadi role model dalam hal ini, dengan menegaskan komitmennya terhadap pengelolaan gratifikasi yang baik. Pemberian sanksi yang tegas terhadap pelanggaran juga harus diterapkan, serta evaluasi terhadap efektivitas Whistleblowing System (WBS) untuk mendorong pegawai melaporkan pelanggaran yang terjadi. Dengan langkah-langkah ini, diharapkan budaya antigratifikasi dapat terbangun dengan baik. Dalam hal pegawai yang menerima honor atau uang transport lokal yang tidak sesuai dengan pertanggungjawaban, Badan Pusat Statistik perlu menyusun dan menegakkan SOP yang jelas. Implementasi SOP ini harus dilakukan secara konsisten untuk memastikan bahwa setiap pengeluaran anggaran dapat dipertanggungjawabkan dengan baik. Dengan adanya aturan yang jelas, diharapkan pegawai dapat lebih memahami batasan dan tanggung jawab mereka dalam penggunaan anggaran, sehingga potensi penyalahgunaan dapat diminimalisir. Badan Pusat Statistik juga harus memperhatikan persepsi adanya pejabat yang menggunakan anggaran kantor untuk kepentingan pribadi. Pengembangan platform digital untuk pengajuan anggaran dapat menjadi solusi yang efektif, di mana setiap pengajuan dapat dipantau oleh pimpinan dan seluruh pegawai. Selain itu, evaluasi terhadap struktur jabatan dan fungsi ASN perlu dilakukan untuk memastikan bahwa setiap posisi memiliki tanggung jawab yang jelas. Dengan pengembangan portal anggaran yang transparan, diharapkan pengelolaan anggaran dapat dilakukan dengan lebih baik dan akuntabel. Dalam rangka meningkatkan transparansi, Badan Pusat Statistik perlu mengembangkan mekanisme pengawasan internal yang lebih kuat. Hal ini mencakup penerapan sistem pelaporan yang mudah diakses oleh pegawai untuk melaporkan potensi penyalahgunaan anggaran atau fasilitas. Dengan adanya sistem pelaporan yang efektif, pegawai akan merasa lebih aman untuk melaporkan pelanggaran yang terjadi, sehingga dapat menciptakan budaya kerja yang lebih terbuka dan jujur. Penting juga bagi Badan Pusat Statistik untuk melakukan evaluasi dan perbaikan prosedur kegiatan pelayanan secara berkala. Dengan melakukan evaluasi, lembaga dapat mengidentifikasi area yang perlu diperbaiki dan memastikan bahwa setiap prosedur yang ada berjalan dengan baik. Hal ini tidak hanya akan meningkatkan efisiensi operasional, tetapi juga akan meningkatkan kepuasan pegawai dan pemangku kepentingan lainnya. Dalam upaya mitigasi risiko, Badan Pusat Statistik harus melakukan analisis risiko secara rutin untuk mengidentifikasi potensi masalah yang mungkin timbul dalam operasional. Dengan memahami risiko yang ada, lembaga dapat merumuskan strategi mitigasi yang tepat dan meminimalisir dampak negatif yang mungkin terjadi. Selain itu, pelatihan bagi pegawai mengenai manajemen risiko juga perlu dilakukan untuk meningkatkan kesadaran dan kemampuan mereka dalam menghadapi situasi yang berisiko. Akhirnya, Badan Pusat Statistik harus terus berkomitmen untuk meningkatkan kualitas sumber daya manusia melalui pelatihan dan pengembangan. Investasi dalam pengembangan SDM akan memberikan dampak positif bagi kinerja lembaga secara keseluruhan. Dengan pegawai yang terampil dan berkompeten, diharapkan Badan Pusat Statistik dapat menjalankan tugas dan fungsinya dengan lebih baik, serta memenuhi harapan masyarakat akan data yang akurat dan terpercaya.",1. Sosialisasi Gratifikasi,Inspektorat III,
26,Survei Penilaian Integritas,79.39,79.39,"Dalam upaya meningkatkan integritas dan akuntabilitas di Badan Pusat Statistik, penting untuk membuat kebijakan yang melarang penggunaan anggaran dan fasilitas kantor untuk kepentingan pribadi. Kebijakan ini harus disertai dengan contoh dari pimpinan agar pegawai dapat memahami dan mengikuti aturan yang ditetapkan. Selain itu, penerapan sanksi atau hukuman terhadap pelanggar harus dilakukan secara adil dan konsisten, sehingga setiap pegawai merasa ada konsekuensi yang jelas atas tindakan mereka. Dengan langkah ini, diharapkan dapat menciptakan lingkungan kerja yang lebih profesional dan bertanggung jawab. Selanjutnya, Badan Pusat Statistik perlu menegakkan sanksi terkait pelanggaran perdagangan pengaruh yang mungkin terjadi dalam pengambilan keputusan. Hal ini dapat dilakukan dengan menerapkan larangan perdagangan pengaruh bagi seluruh pegawai dan pimpinan, disertai dengan kebijakan serta mekanisme penanganan yang jelas. Meningkatkan integritas calon pimpinan juga sangat penting, termasuk melakukan deklarasi konflik kepentingan secara tahunan. Dengan penguatan mekanisme pengawasan internal, diharapkan perdagangan pengaruh dapat terdeteksi dan diminimalisir, sehingga keputusan yang diambil lebih objektif dan transparan. Dalam konteks perintah atasan yang tidak sesuai aturan, Badan Pusat Statistik harus melakukan sosialisasi mengenai peraturan terkait gratifikasi dan benturan kepentingan. Sosialisasi ini perlu diikuti dengan ujian untuk memastikan pemahaman pegawai. Penegakan aturan harus dilakukan tanpa pandang bulu, dengan komitmen kepemimpinan yang kuat dalam menerapkan sistem manajemen kepatuhan. Dengan meluncurkan ISO-37301 dan ISO-37001, Badan Pusat Statistik dapat memperkuat sistem yang ada dan memastikan bahwa setiap pegawai memahami pentingnya kepatuhan terhadap aturan yang berlaku. Selain itu, untuk mengatasi pengalaman pegawai yang menerima pemberian dalam bentuk gratifikasi, Badan Pusat Statistik perlu melakukan sosialisasi yang lebih intensif mengenai larangan gratifikasi dan benturan kepentingan. Pimpinan harus menjadi role model dalam hal ini, dengan menegaskan komitmennya terhadap pengelolaan gratifikasi yang baik. Pemberian sanksi yang tegas terhadap pelanggaran juga harus diterapkan, serta evaluasi terhadap efektivitas Whistleblowing System (WBS) untuk mendorong pegawai melaporkan pelanggaran yang terjadi. Dengan langkah-langkah ini, diharapkan budaya antigratifikasi dapat terbangun dengan baik. Dalam hal pegawai yang menerima honor atau uang transport lokal yang tidak sesuai dengan pertanggungjawaban, Badan Pusat Statistik perlu menyusun dan menegakkan SOP yang jelas. Implementasi SOP ini harus dilakukan secara konsisten untuk memastikan bahwa setiap pengeluaran anggaran dapat dipertanggungjawabkan dengan baik. Dengan adanya aturan yang jelas, diharapkan pegawai dapat lebih memahami batasan dan tanggung jawab mereka dalam penggunaan anggaran, sehingga potensi penyalahgunaan dapat diminimalisir. Badan Pusat Statistik juga harus memperhatikan persepsi adanya pejabat yang menggunakan anggaran kantor untuk kepentingan pribadi. Pengembangan platform digital untuk pengajuan anggaran dapat menjadi solusi yang efektif, di mana setiap pengajuan dapat dipantau oleh pimpinan dan seluruh pegawai. Selain itu, evaluasi terhadap struktur jabatan dan fungsi ASN perlu dilakukan untuk memastikan bahwa setiap posisi memiliki tanggung jawab yang jelas. Dengan pengembangan portal anggaran yang transparan, diharapkan pengelolaan anggaran dapat dilakukan dengan lebih baik dan akuntabel. Dalam rangka meningkatkan transparansi, Badan Pusat Statistik perlu mengembangkan mekanisme pengawasan internal yang lebih kuat. Hal ini mencakup penerapan sistem pelaporan yang mudah diakses oleh pegawai untuk melaporkan potensi penyalahgunaan anggaran atau fasilitas. Dengan adanya sistem pelaporan yang efektif, pegawai akan merasa lebih aman untuk melaporkan pelanggaran yang terjadi, sehingga dapat menciptakan budaya kerja yang lebih terbuka dan jujur. Penting juga bagi Badan Pusat Statistik untuk melakukan evaluasi dan perbaikan prosedur kegiatan pelayanan secara berkala. Dengan melakukan evaluasi, lembaga dapat mengidentifikasi area yang perlu diperbaiki dan memastikan bahwa setiap prosedur yang ada berjalan dengan baik. Hal ini tidak hanya akan meningkatkan efisiensi operasional, tetapi juga akan meningkatkan kepuasan pegawai dan pemangku kepentingan lainnya. Dalam upaya mitigasi risiko, Badan Pusat Statistik harus melakukan analisis risiko secara rutin untuk mengidentifikasi potensi masalah yang mungkin timbul dalam operasional. Dengan memahami risiko yang ada, lembaga dapat merumuskan strategi mitigasi yang tepat dan meminimalisir dampak negatif yang mungkin terjadi. Selain itu, pelatihan bagi pegawai mengenai manajemen risiko juga perlu dilakukan untuk meningkatkan kesadaran dan kemampuan mereka dalam menghadapi situasi yang berisiko. Akhirnya, Badan Pusat Statistik harus terus berkomitmen untuk meningkatkan kualitas sumber daya manusia melalui pelatihan dan pengembangan. Investasi dalam pengembangan SDM akan memberikan dampak positif bagi kinerja lembaga secara keseluruhan. Dengan pegawai yang terampil dan berkompeten, diharapkan Badan Pusat Statistik dapat menjalankan tugas dan fungsinya dengan lebih baik, serta memenuhi harapan masyarakat akan data yang akurat dan terpercaya.",2. Sosialisasi Benturan Kepentingan,Inspektorat III,
26,Survei Penilaian Integritas,79.39,79.39,"Dalam upaya meningkatkan integritas dan akuntabilitas di Badan Pusat Statistik, penting untuk membuat kebijakan yang melarang penggunaan anggaran dan fasilitas kantor untuk kepentingan pribadi. Kebijakan ini harus disertai dengan contoh dari pimpinan agar pegawai dapat memahami dan mengikuti aturan yang ditetapkan. Selain itu, penerapan sanksi atau hukuman terhadap pelanggar harus dilakukan secara adil dan konsisten, sehingga setiap pegawai merasa ada konsekuensi yang jelas atas tindakan mereka. Dengan langkah ini, diharapkan dapat menciptakan lingkungan kerja yang lebih profesional dan bertanggung jawab. Selanjutnya, Badan Pusat Statistik perlu menegakkan sanksi terkait pelanggaran perdagangan pengaruh yang mungkin terjadi dalam pengambilan keputusan. Hal ini dapat dilakukan dengan menerapkan larangan perdagangan pengaruh bagi seluruh pegawai dan pimpinan, disertai dengan kebijakan serta mekanisme penanganan yang jelas. Meningkatkan integritas calon pimpinan juga sangat penting, termasuk melakukan deklarasi konflik kepentingan secara tahunan. Dengan penguatan mekanisme pengawasan internal, diharapkan perdagangan pengaruh dapat terdeteksi dan diminimalisir, sehingga keputusan yang diambil lebih objektif dan transparan. Dalam konteks perintah atasan yang tidak sesuai aturan, Badan Pusat Statistik harus melakukan sosialisasi mengenai peraturan terkait gratifikasi dan benturan kepentingan. Sosialisasi ini perlu diikuti dengan ujian untuk memastikan pemahaman pegawai. Penegakan aturan harus dilakukan tanpa pandang bulu, dengan komitmen kepemimpinan yang kuat dalam menerapkan sistem manajemen kepatuhan. Dengan meluncurkan ISO-37301 dan ISO-37001, Badan Pusat Statistik dapat memperkuat sistem yang ada dan memastikan bahwa setiap pegawai memahami pentingnya kepatuhan terhadap aturan yang berlaku. Selain itu, untuk mengatasi pengalaman pegawai yang menerima pemberian dalam bentuk gratifikasi, Badan Pusat Statistik perlu melakukan sosialisasi yang lebih intensif mengenai larangan gratifikasi dan benturan kepentingan. Pimpinan harus menjadi role model dalam hal ini, dengan menegaskan komitmennya terhadap pengelolaan gratifikasi yang baik. Pemberian sanksi yang tegas terhadap pelanggaran juga harus diterapkan, serta evaluasi terhadap efektivitas Whistleblowing System (WBS) untuk mendorong pegawai melaporkan pelanggaran yang terjadi. Dengan langkah-langkah ini, diharapkan budaya antigratifikasi dapat terbangun dengan baik. Dalam hal pegawai yang menerima honor atau uang transport lokal yang tidak sesuai dengan pertanggungjawaban, Badan Pusat Statistik perlu menyusun dan menegakkan SOP yang jelas. Implementasi SOP ini harus dilakukan secara konsisten untuk memastikan bahwa setiap pengeluaran anggaran dapat dipertanggungjawabkan dengan baik. Dengan adanya aturan yang jelas, diharapkan pegawai dapat lebih memahami batasan dan tanggung jawab mereka dalam penggunaan anggaran, sehingga potensi penyalahgunaan dapat diminimalisir. Badan Pusat Statistik juga harus memperhatikan persepsi adanya pejabat yang menggunakan anggaran kantor untuk kepentingan pribadi. Pengembangan platform digital untuk pengajuan anggaran dapat menjadi solusi yang efektif, di mana setiap pengajuan dapat dipantau oleh pimpinan dan seluruh pegawai. Selain itu, evaluasi terhadap struktur jabatan dan fungsi ASN perlu dilakukan untuk memastikan bahwa setiap posisi memiliki tanggung jawab yang jelas. Dengan pengembangan portal anggaran yang transparan, diharapkan pengelolaan anggaran dapat dilakukan dengan lebih baik dan akuntabel. Dalam rangka meningkatkan transparansi, Badan Pusat Statistik perlu mengembangkan mekanisme pengawasan internal yang lebih kuat. Hal ini mencakup penerapan sistem pelaporan yang mudah diakses oleh pegawai untuk melaporkan potensi penyalahgunaan anggaran atau fasilitas. Dengan adanya sistem pelaporan yang efektif, pegawai akan merasa lebih aman untuk melaporkan pelanggaran yang terjadi, sehingga dapat menciptakan budaya kerja yang lebih terbuka dan jujur. Penting juga bagi Badan Pusat Statistik untuk melakukan evaluasi dan perbaikan prosedur kegiatan pelayanan secara berkala. Dengan melakukan evaluasi, lembaga dapat mengidentifikasi area yang perlu diperbaiki dan memastikan bahwa setiap prosedur yang ada berjalan dengan baik. Hal ini tidak hanya akan meningkatkan efisiensi operasional, tetapi juga akan meningkatkan kepuasan pegawai dan pemangku kepentingan lainnya. Dalam upaya mitigasi risiko, Badan Pusat Statistik harus melakukan analisis risiko secara rutin untuk mengidentifikasi potensi masalah yang mungkin timbul dalam operasional. Dengan memahami risiko yang ada, lembaga dapat merumuskan strategi mitigasi yang tepat dan meminimalisir dampak negatif yang mungkin terjadi. Selain itu, pelatihan bagi pegawai mengenai manajemen risiko juga perlu dilakukan untuk meningkatkan kesadaran dan kemampuan mereka dalam menghadapi situasi yang berisiko. Akhirnya, Badan Pusat Statistik harus terus berkomitmen untuk meningkatkan kualitas sumber daya manusia melalui pelatihan dan pengembangan. Investasi dalam pengembangan SDM akan memberikan dampak positif bagi kinerja lembaga secara keseluruhan. Dengan pegawai yang terampil dan berkompeten, diharapkan Badan Pusat Statistik dapat menjalankan tugas dan fungsinya dengan lebih baik, serta memenuhi harapan masyarakat akan data yang akurat dan terpercaya.",3. Penyusunan rencana aksi SPI KPK,Inspektorat III,
