no,rencana_aksi_desc,satuan,indikator_output,periode_tw,target_penyelesaian
1,1. Diskusi dengan MenPANRB untuk penjelasan lebih detail terkait LHE,Kegiatan,Laporan Rencana Tindak Lanjut rekomendasi AKIP BPS 2026,tw1,0
1,2. Benchmarking ke K/L untuk mendapatkan saran masukan proses perencanaan kinerja berbasis results chain,Kegiatan,Laporan benchmarking ke K/L,tw1,0
1,3. Penyusunan reviu Indikator Kinerja Utama 2025-2029,Persen,Draf Reviu Perka IKU 2025-2029,tw1,25
1,4. Perbaikan CSF sehingga keterkaitan logis menjadi lebih jelas,Dokumen,Dokumen Perencanaan Kinerja yang memuat perbaikan CSF BPS,tw1,0
1,5. Perbaikan dokumen pohon kinerja yang konsisten dari tingkat organisasi hingga unit kerja,Dokumen,Dokumen Perencanaan Kinerja yang memuat perbaikan pohon kinerja BPS,tw1,0
1,"1. Penyusunan croscutting kinerja yang memuat peran kontribusi internal BPS dan eksternal BPS, penajaman pada KP dan PN serta Prioritas Presiden (Inpres)",Dokumen,Dokumen Perencanaan Kinerja yang memuat crosscutting kinerja BPS,tw1,0
1,1. Pemeriksaan Kertas Kerja Monitoring Kinerja Unit Kerja dan Satuan Kerja BPS Provinsi,Dokumen,Dokumen Kertas Kerja Pemeriksaan Monev SAKIP Triwulanan,tw1,1
1,"2. Penyesuaian proses bisnis Pembahasan Rapat Monitoring Kinerja Triwulanan telah membahas terkait rencana aksi yg logis terukur serta kejelasan hubungan antara aksi, output, hingga pencapaian outcome",Dokumen,Template notula rapat monitoring kinerja triwulanan,tw1,0
1,1. Penggunaan fitur Perencanaan Kinerja dan sinkronisasi data PK di SINERGI dan Kip App,Persen,Persentase data PK yg disinkronkan dari SINERGI ke KIP APP,tw1,100
1,1. Penyusunan pedoman teknis Pelaporan Kinerja BPS,Dokumen,Dokumen pedoman teknis Laporan Kinerja BPS,tw1,1
1,2. Pemeriksaan substansi LAKIN Unit Kerja dan Satker BPS Provinsi,Dokumen,Dokumen kertas kerja pemeriksaan LAKIN Unit Kerja dan Satker BPS Provinsi,tw1,1
1,3. Pembinaan SAKIP ,Dokumen,Laporan Pembinaan SAKIP,tw1,0
1,1. Penguatan implementasi Manajemen Risiko di BPS,Persen,Laporan pelaksanaan Manajemen Risiko BPS TA 2026,tw1,25
1,1. Diskusi dengan MenPANRB untuk penjelasan lebih detail terkait LHE,Kegiatan,Laporan Rencana Tindak Lanjut rekomendasi AKIP BPS 2026,tw2,1
1,2. Benchmarking ke K/L untuk mendapatkan saran masukan proses perencanaan kinerja berbasis results chain,Kegiatan,Laporan benchmarking ke K/L,tw2,1
1,3. Penyusunan reviu Indikator Kinerja Utama 2025-2029,Persen,Draf Reviu Perka IKU 2025-2029,tw2,50
1,4. Perbaikan CSF sehingga keterkaitan logis menjadi lebih jelas,Dokumen,Dokumen Perencanaan Kinerja yang memuat perbaikan CSF BPS,tw2,0
1,5. Perbaikan dokumen pohon kinerja yang konsisten dari tingkat organisasi hingga unit kerja,Dokumen,Dokumen Perencanaan Kinerja yang memuat perbaikan pohon kinerja BPS,tw2,0
1,"1. Penyusunan croscutting kinerja yang memuat peran kontribusi internal BPS dan eksternal BPS, penajaman pada KP dan PN serta Prioritas Presiden (Inpres)",Dokumen,Dokumen Perencanaan Kinerja yang memuat crosscutting kinerja BPS,tw2,0
1,1. Pemeriksaan Kertas Kerja Monitoring Kinerja Unit Kerja dan Satuan Kerja BPS Provinsi,Dokumen,Dokumen Kertas Kerja Pemeriksaan Monev SAKIP Triwulanan,tw2,2
1,"2. Penyesuaian proses bisnis Pembahasan Rapat Monitoring Kinerja Triwulanan telah membahas terkait rencana aksi yg logis terukur serta kejelasan hubungan antara aksi, output, hingga pencapaian outcome",Dokumen,Template notula rapat monitoring kinerja triwulanan,tw2,0
1,1. Penggunaan fitur Perencanaan Kinerja dan sinkronisasi data PK di SINERGI dan Kip App,Persen,Persentase data PK yg disinkronkan dari SINERGI ke KIP APP,tw2,100
1,1. Penyusunan pedoman teknis Pelaporan Kinerja BPS,Dokumen,Dokumen pedoman teknis Laporan Kinerja BPS,tw2,1
1,2. Pemeriksaan substansi LAKIN Unit Kerja dan Satker BPS Provinsi,Dokumen,Dokumen kertas kerja pemeriksaan LAKIN Unit Kerja dan Satker BPS Provinsi,tw2,1
1,3. Pembinaan SAKIP ,Dokumen,Laporan Pembinaan SAKIP,tw2,1
1,1. Penguatan implementasi Manajemen Risiko di BPS,Persen,Laporan pelaksanaan Manajemen Risiko BPS TA 2026,tw2,50
1,1. Diskusi dengan MenPANRB untuk penjelasan lebih detail terkait LHE,Kegiatan,Laporan Rencana Tindak Lanjut rekomendasi AKIP BPS 2026,tw3,1
1,2. Benchmarking ke K/L untuk mendapatkan saran masukan proses perencanaan kinerja berbasis results chain,Kegiatan,Laporan benchmarking ke K/L,tw3,1
1,3. Penyusunan reviu Indikator Kinerja Utama 2025-2029,Persen,Draf Reviu Perka IKU 2025-2029,tw3,75
1,4. Perbaikan CSF sehingga keterkaitan logis menjadi lebih jelas,Dokumen,Dokumen Perencanaan Kinerja yang memuat perbaikan CSF BPS,tw3,1
1,5. Perbaikan dokumen pohon kinerja yang konsisten dari tingkat organisasi hingga unit kerja,Dokumen,Dokumen Perencanaan Kinerja yang memuat perbaikan pohon kinerja BPS,tw3,1
1,"1. Penyusunan croscutting kinerja yang memuat peran kontribusi internal BPS dan eksternal BPS, penajaman pada KP dan PN serta Prioritas Presiden (Inpres)",Dokumen,Dokumen Perencanaan Kinerja yang memuat crosscutting kinerja BPS,tw3,1
1,1. Pemeriksaan Kertas Kerja Monitoring Kinerja Unit Kerja dan Satuan Kerja BPS Provinsi,Dokumen,Dokumen Kertas Kerja Pemeriksaan Monev SAKIP Triwulanan,tw3,3
1,"2. Penyesuaian proses bisnis Pembahasan Rapat Monitoring Kinerja Triwulanan telah membahas terkait rencana aksi yg logis terukur serta kejelasan hubungan antara aksi, output, hingga pencapaian outcome",Dokumen,Template notula rapat monitoring kinerja triwulanan,tw3,1
1,1. Penggunaan fitur Perencanaan Kinerja dan sinkronisasi data PK di SINERGI dan Kip App,Persen,Persentase data PK yg disinkronkan dari SINERGI ke KIP APP,tw3,100
1,1. Penyusunan pedoman teknis Pelaporan Kinerja BPS,Dokumen,Dokumen pedoman teknis Laporan Kinerja BPS,tw3,1
1,2. Pemeriksaan substansi LAKIN Unit Kerja dan Satker BPS Provinsi,Dokumen,Dokumen kertas kerja pemeriksaan LAKIN Unit Kerja dan Satker BPS Provinsi,tw3,1
1,3. Pembinaan SAKIP ,Dokumen,Laporan Pembinaan SAKIP,tw3,1
1,1. Penguatan implementasi Manajemen Risiko di BPS,Persen,Laporan pelaksanaan Manajemen Risiko BPS TA 2026,tw3,75
1,1. Diskusi dengan MenPANRB untuk penjelasan lebih detail terkait LHE,Kegiatan,Laporan Rencana Tindak Lanjut rekomendasi AKIP BPS 2026,tw4,1
1,2. Benchmarking ke K/L untuk mendapatkan saran masukan proses perencanaan kinerja berbasis results chain,Kegiatan,Laporan benchmarking ke K/L,tw4,1
1,3. Penyusunan reviu Indikator Kinerja Utama 2025-2029,Persen,Draf Reviu Perka IKU 2025-2029,tw4,100
1,4. Perbaikan CSF sehingga keterkaitan logis menjadi lebih jelas,Dokumen,Dokumen Perencanaan Kinerja yang memuat perbaikan CSF BPS,tw4,1
1,5. Perbaikan dokumen pohon kinerja yang konsisten dari tingkat organisasi hingga unit kerja,Dokumen,Dokumen Perencanaan Kinerja yang memuat perbaikan pohon kinerja BPS,tw4,1
1,"1. Penyusunan croscutting kinerja yang memuat peran kontribusi internal BPS dan eksternal BPS, penajaman pada KP dan PN serta Prioritas Presiden (Inpres)",Dokumen,Dokumen Perencanaan Kinerja yang memuat crosscutting kinerja BPS,tw4,1
1,1. Pemeriksaan Kertas Kerja Monitoring Kinerja Unit Kerja dan Satuan Kerja BPS Provinsi,Dokumen,Dokumen Kertas Kerja Pemeriksaan Monev SAKIP Triwulanan,tw4,4
1,"2. Penyesuaian proses bisnis Pembahasan Rapat Monitoring Kinerja Triwulanan telah membahas terkait rencana aksi yg logis terukur serta kejelasan hubungan antara aksi, output, hingga pencapaian outcome",Dokumen,Template notula rapat monitoring kinerja triwulanan,tw4,2
1,1. Penggunaan fitur Perencanaan Kinerja dan sinkronisasi data PK di SINERGI dan Kip App,Persen,Persentase data PK yg disinkronkan dari SINERGI ke KIP APP,tw4,100
1,1. Penyusunan pedoman teknis Pelaporan Kinerja BPS,Dokumen,Dokumen pedoman teknis Laporan Kinerja BPS,tw4,2
1,2. Pemeriksaan substansi LAKIN Unit Kerja dan Satker BPS Provinsi,Dokumen,Dokumen kertas kerja pemeriksaan LAKIN Unit Kerja dan Satker BPS Provinsi,tw4,1
1,3. Pembinaan SAKIP ,Dokumen,Laporan Pembinaan SAKIP,tw4,2
1,1. Penguatan implementasi Manajemen Risiko di BPS,Persen,Laporan pelaksanaan Manajemen Risiko BPS TA 2026,tw4,100
2,1. Melakukan monitoring capaian kinerja BPS triwulanan,kegiatan,Dokumen Kertas Kerja Pemeriksaan Monev SAKIP Triwulanan,tw1,1
2,2. Penyusunan Laporan Kinerja Triwulanan BPS TA 2026,Laporan,Laporan Kinerja Triwulanan BPS TA 2026,tw1,0
2,1. Melakukan monitoring capaian kinerja BPS triwulanan,kegiatan,Dokumen Kertas Kerja Pemeriksaan Monev SAKIP Triwulanan,tw2,2
2,2. Penyusunan Laporan Kinerja Triwulanan BPS TA 2026,Laporan,Laporan Kinerja Triwulanan BPS TA 2026,tw2,1
2,1. Melakukan monitoring capaian kinerja BPS triwulanan,kegiatan,Dokumen Kertas Kerja Pemeriksaan Monev SAKIP Triwulanan,tw3,3
2,2. Penyusunan Laporan Kinerja Triwulanan BPS TA 2026,Laporan,Laporan Kinerja Triwulanan BPS TA 2026,tw3,2
2,1. Melakukan monitoring capaian kinerja BPS triwulanan,kegiatan,Dokumen Kertas Kerja Pemeriksaan Monev SAKIP Triwulanan,tw4,4
2,2. Penyusunan Laporan Kinerja Triwulanan BPS TA 2026,Laporan,Laporan Kinerja Triwulanan BPS TA 2026,tw4,3
3,1. Berkoordinasi dengan Tim Penyusunan Rencana terkait reviu Renstra BPS,Dokumen,Pelaksanaan koordinasi dengan Tim Renstra terkait reviu Renstra BPS,tw1,
3,2. Melakukan pengelolaan risiko di tingkat Lembaga dan Unit Kerja Eselon I yang didalamnya memuat identifikasi risiko fraud ,Laporan,Laporan pengelolaan risiko  ,tw1,
3,3. Evaluasi berkala atas penerapan kebijakan peraturan dilingkungan BPS ,Dokumen,a. Draft regulasi tentang Pengendalian Internal di Lingkungan BPS,tw1,
3,4. Melaksanakan Penilaian Mandiri SPIP BPS,Laporan,Penilaian Mandiri SPIP BPS,tw1,
3,5. Melaksanakan Pembinaan SPIP dan Manajemen Risiko,Laporan,Pembinaan SPIP dan Manajemen Risiko,tw1,
3,1. Berkoordinasi dengan Tim Penyusunan Rencana terkait reviu Renstra BPS,Dokumen,Pelaksanaan koordinasi dengan Tim Renstra terkait reviu Renstra BPS,tw2,
3,2. Melakukan pengelolaan risiko di tingkat Lembaga dan Unit Kerja Eselon I yang didalamnya memuat identifikasi risiko fraud ,Laporan,Laporan pengelolaan risiko  ,tw2,
3,3. Evaluasi berkala atas penerapan kebijakan peraturan dilingkungan BPS ,Dokumen,a. Draft regulasi tentang Pengendalian Internal di Lingkungan BPS,tw2,
3,4. Melaksanakan Penilaian Mandiri SPIP BPS,Laporan,Penilaian Mandiri SPIP BPS,tw2,
3,5. Melaksanakan Pembinaan SPIP dan Manajemen Risiko,Laporan,Pembinaan SPIP dan Manajemen Risiko,tw2,
3,1. Berkoordinasi dengan Tim Penyusunan Rencana terkait reviu Renstra BPS,Dokumen,Pelaksanaan koordinasi dengan Tim Renstra terkait reviu Renstra BPS,tw3,
3,2. Melakukan pengelolaan risiko di tingkat Lembaga dan Unit Kerja Eselon I yang didalamnya memuat identifikasi risiko fraud ,Laporan,Laporan pengelolaan risiko  ,tw3,
3,3. Evaluasi berkala atas penerapan kebijakan peraturan dilingkungan BPS ,Dokumen,a. Draft regulasi tentang Pengendalian Internal di Lingkungan BPS,tw3,
3,4. Melaksanakan Penilaian Mandiri SPIP BPS,Laporan,Penilaian Mandiri SPIP BPS,tw3,
3,5. Melaksanakan Pembinaan SPIP dan Manajemen Risiko,Laporan,Pembinaan SPIP dan Manajemen Risiko,tw3,
3,1. Berkoordinasi dengan Tim Penyusunan Rencana terkait reviu Renstra BPS,Dokumen,Pelaksanaan koordinasi dengan Tim Renstra terkait reviu Renstra BPS,tw4,1
3,2. Melakukan pengelolaan risiko di tingkat Lembaga dan Unit Kerja Eselon I yang didalamnya memuat identifikasi risiko fraud ,Laporan,Laporan pengelolaan risiko  ,tw4,1
3,3. Evaluasi berkala atas penerapan kebijakan peraturan dilingkungan BPS ,Dokumen,a. Draft regulasi tentang Pengendalian Internal di Lingkungan BPS,tw4,1
3,4. Melaksanakan Penilaian Mandiri SPIP BPS,Laporan,Penilaian Mandiri SPIP BPS,tw4,1
3,5. Melaksanakan Pembinaan SPIP dan Manajemen Risiko,Laporan,Pembinaan SPIP dan Manajemen Risiko,tw4,1
4,1. Monitoring capaian RO Prioritas Nasional setiap triwulan,Dokumen,Jumlah dokumen monitoring capaian RO Prioritas Nasional,tw1,1
4,1. Monitoring capaian RO Prioritas Nasional setiap triwulan,Dokumen,Jumlah dokumen monitoring capaian RO Prioritas Nasional,tw2,2
4,1. Monitoring capaian RO Prioritas Nasional setiap triwulan,Dokumen,Jumlah dokumen monitoring capaian RO Prioritas Nasional,tw3,3
4,1. Monitoring capaian RO Prioritas Nasional setiap triwulan,Dokumen,Jumlah dokumen monitoring capaian RO Prioritas Nasional,tw4,4
5,1. Evaluasi dan internalisasi kepada tim perencanaan dan pelaksanaan anggaran terkait hasil penilaian Indeks Perencanaan Pembangunan Nasional Tahun 2026 khususnya untuk catatan yang perlu ditindaklanjuti.,Dokumen,Matriks tindak lanjut perbaikan hasil penilaian IPPN 2025,tw1,0
5,2. Peningkatan kualitas dokumen perencanaan BPS,Dokumen,Hasil pemeriksaan dokumen perencanaan BPS,tw1,0
5,1. Evaluasi dan internalisasi kepada tim perencanaan dan pelaksanaan anggaran terkait hasil penilaian Indeks Perencanaan Pembangunan Nasional Tahun 2026 khususnya untuk catatan yang perlu ditindaklanjuti.,Dokumen,Matriks tindak lanjut perbaikan hasil penilaian IPPN 2025,tw2,1
5,2. Peningkatan kualitas dokumen perencanaan BPS,Dokumen,Hasil pemeriksaan dokumen perencanaan BPS,tw2,0
5,1. Evaluasi dan internalisasi kepada tim perencanaan dan pelaksanaan anggaran terkait hasil penilaian Indeks Perencanaan Pembangunan Nasional Tahun 2026 khususnya untuk catatan yang perlu ditindaklanjuti.,Dokumen,Matriks tindak lanjut perbaikan hasil penilaian IPPN 2025,tw3,1
5,2. Peningkatan kualitas dokumen perencanaan BPS,Dokumen,Hasil pemeriksaan dokumen perencanaan BPS,tw3,1
5,1. Evaluasi dan internalisasi kepada tim perencanaan dan pelaksanaan anggaran terkait hasil penilaian Indeks Perencanaan Pembangunan Nasional Tahun 2026 khususnya untuk catatan yang perlu ditindaklanjuti.,Dokumen,Matriks tindak lanjut perbaikan hasil penilaian IPPN 2025,tw4,1
5,2. Peningkatan kualitas dokumen perencanaan BPS,Dokumen,Hasil pemeriksaan dokumen perencanaan BPS,tw4,1
6,1. Kebijakan disusun berdasarkan data dan informasi yang valid (kajian/telaahan/penelitian/analisis kebijakan),Persen,"Laporan Kajian, data statistik",tw1,25
6,2. Pemangku kepentingan terlibat dalam perumusan kebijakan,Persen,"Dokumen konsultasi publik, risalah diskusi",tw1,25
6,3. Analisis dampak kebijakan dilakukan sebelum implementasi,Persen,"Laporan Analisis Dampak Regulasi (Regulatory Impact Assessment (RIA)/ROCCIPI), atau bentuk laporan lainnya yang relevan",tw1,0
6,4. Kebijakan memiliki kejelasan koordinasi dan komunikasi dalam pelaksanaannya,Persen,"Dokumen Bispro/SOP, pedoman/kebijakan teknis implementasi",tw1,25
6,5. Kebijakan dapat diimplementasikan secara efektif di lapangan,Persen,Laporan monitoring dan evaluasi,tw1,0
6,6. Apakah ada mekanisme pengawasan dan akuntabilitas dalam pelaksanaan kebijakan,Persen,"Laporan pengawasan, hasil audit kebijakan",tw1,0
6,7. Kebijakan dievaluasi untuk perbaikan berkelanjutan,Persen,"Laporan evaluasi tahunan, dokumen perubahan kebijakan",tw1,0
6,8. Kebijakan memiliki dampak yang terukur bagi masyarakat,Persen,"Data capaian indikator kebijakan, survei kepuasan masyarakat, survei yang dilakukan oleh lembaga independen",tw1,25
6,9. Kebijakan selaras dengan kebijakan lain yang relevan,Persen,Dokumen analisis keselarasan regulasi,tw1,25
6,10. Informasi kebijakan dapat diakses oleh publik,Persen,"Publikasi kebijakan di situs/media sosial resmi, media massa (advertorial)",tw1,25
6,11. Mekanisme bagi masyarakat untuk memberikan masukan atau mengajukan keberatan,Persen,"Kanal aduan masyarakat, dokumentasi tanggapan terhadap masukan publik",tw1,25
6,1. Kebijakan disusun berdasarkan data dan informasi yang valid (kajian/telaahan/penelitian/analisis kebijakan),Persen,"Laporan Kajian, data statistik",tw2,50
6,2. Pemangku kepentingan terlibat dalam perumusan kebijakan,Persen,"Dokumen konsultasi publik, risalah diskusi",tw2,50
6,3. Analisis dampak kebijakan dilakukan sebelum implementasi,Persen,"Laporan Analisis Dampak Regulasi (Regulatory Impact Assessment (RIA)/ROCCIPI), atau bentuk laporan lainnya yang relevan",tw2,50
6,4. Kebijakan memiliki kejelasan koordinasi dan komunikasi dalam pelaksanaannya,Persen,"Dokumen Bispro/SOP, pedoman/kebijakan teknis implementasi",tw2,50
6,5. Kebijakan dapat diimplementasikan secara efektif di lapangan,Persen,Laporan monitoring dan evaluasi,tw2,0
6,6. Apakah ada mekanisme pengawasan dan akuntabilitas dalam pelaksanaan kebijakan,Persen,"Laporan pengawasan, hasil audit kebijakan",tw2,0
6,7. Kebijakan dievaluasi untuk perbaikan berkelanjutan,Persen,"Laporan evaluasi tahunan, dokumen perubahan kebijakan",tw2,50
6,8. Kebijakan memiliki dampak yang terukur bagi masyarakat,Persen,"Data capaian indikator kebijakan, survei kepuasan masyarakat, survei yang dilakukan oleh lembaga independen",tw2,50
6,9. Kebijakan selaras dengan kebijakan lain yang relevan,Persen,Dokumen analisis keselarasan regulasi,tw2,50
6,10. Informasi kebijakan dapat diakses oleh publik,Persen,"Publikasi kebijakan di situs/media sosial resmi, media massa (advertorial)",tw2,50
6,11. Mekanisme bagi masyarakat untuk memberikan masukan atau mengajukan keberatan,Persen,"Kanal aduan masyarakat, dokumentasi tanggapan terhadap masukan publik",tw2,50
6,1. Kebijakan disusun berdasarkan data dan informasi yang valid (kajian/telaahan/penelitian/analisis kebijakan),Persen,"Laporan Kajian, data statistik",tw3,75
6,2. Pemangku kepentingan terlibat dalam perumusan kebijakan,Persen,"Dokumen konsultasi publik, risalah diskusi",tw3,75
6,3. Analisis dampak kebijakan dilakukan sebelum implementasi,Persen,"Laporan Analisis Dampak Regulasi (Regulatory Impact Assessment (RIA)/ROCCIPI), atau bentuk laporan lainnya yang relevan",tw3,75
6,4. Kebijakan memiliki kejelasan koordinasi dan komunikasi dalam pelaksanaannya,Persen,"Dokumen Bispro/SOP, pedoman/kebijakan teknis implementasi",tw3,75
6,5. Kebijakan dapat diimplementasikan secara efektif di lapangan,Persen,Laporan monitoring dan evaluasi,tw3,100
6,6. Apakah ada mekanisme pengawasan dan akuntabilitas dalam pelaksanaan kebijakan,Persen,"Laporan pengawasan, hasil audit kebijakan",tw3,100
6,7. Kebijakan dievaluasi untuk perbaikan berkelanjutan,Persen,"Laporan evaluasi tahunan, dokumen perubahan kebijakan",tw3,75
6,8. Kebijakan memiliki dampak yang terukur bagi masyarakat,Persen,"Data capaian indikator kebijakan, survei kepuasan masyarakat, survei yang dilakukan oleh lembaga independen",tw3,75
6,9. Kebijakan selaras dengan kebijakan lain yang relevan,Persen,Dokumen analisis keselarasan regulasi,tw3,75
6,10. Informasi kebijakan dapat diakses oleh publik,Persen,"Publikasi kebijakan di situs/media sosial resmi, media massa (advertorial)",tw3,75
6,11. Mekanisme bagi masyarakat untuk memberikan masukan atau mengajukan keberatan,Persen,"Kanal aduan masyarakat, dokumentasi tanggapan terhadap masukan publik",tw3,75
6,1. Kebijakan disusun berdasarkan data dan informasi yang valid (kajian/telaahan/penelitian/analisis kebijakan),Persen,"Laporan Kajian, data statistik",tw4,100
6,2. Pemangku kepentingan terlibat dalam perumusan kebijakan,Persen,"Dokumen konsultasi publik, risalah diskusi",tw4,100
6,3. Analisis dampak kebijakan dilakukan sebelum implementasi,Persen,"Laporan Analisis Dampak Regulasi (Regulatory Impact Assessment (RIA)/ROCCIPI), atau bentuk laporan lainnya yang relevan",tw4,100
6,4. Kebijakan memiliki kejelasan koordinasi dan komunikasi dalam pelaksanaannya,Persen,"Dokumen Bispro/SOP, pedoman/kebijakan teknis implementasi",tw4,100
6,5. Kebijakan dapat diimplementasikan secara efektif di lapangan,Persen,Laporan monitoring dan evaluasi,tw4,100
6,6. Apakah ada mekanisme pengawasan dan akuntabilitas dalam pelaksanaan kebijakan,Persen,"Laporan pengawasan, hasil audit kebijakan",tw4,100
6,7. Kebijakan dievaluasi untuk perbaikan berkelanjutan,Persen,"Laporan evaluasi tahunan, dokumen perubahan kebijakan",tw4,100
6,8. Kebijakan memiliki dampak yang terukur bagi masyarakat,Persen,"Data capaian indikator kebijakan, survei kepuasan masyarakat, survei yang dilakukan oleh lembaga independen",tw4,100
6,9. Kebijakan selaras dengan kebijakan lain yang relevan,Persen,Dokumen analisis keselarasan regulasi,tw4,100
6,10. Informasi kebijakan dapat diakses oleh publik,Persen,"Publikasi kebijakan di situs/media sosial resmi, media massa (advertorial)",tw4,100
6,11. Mekanisme bagi masyarakat untuk memberikan masukan atau mengajukan keberatan,Persen,"Kanal aduan masyarakat, dokumentasi tanggapan terhadap masukan publik",tw4,100
7,1. Tersedianya laporan penyusunan Peraturan Perundang-undangan dan produk hukum lainnya,Persen,"1. Laporan pengumpulan dan inventarisasi bahan/data dalam rangka harmonisasi Peraturan Perundang-undangan dan produk hukum lainnya
2. Laporan hasil harmonisasi Peraturan Perundang-undangan dan produk hukum lainnya
3. Laporan tersusunnya konsep dan perbaikan rancangan Peraturan Perundang-undangan dan produk hukum lainnya
4. Laporan proses pengundangan peraturan perundang-undangan",tw1,0
7,2. Tersedianya laporan pembinaan Perancang Peraturan Perundang-undangan,Persen,"1. Pengembangan kompetensi Perancang Peraturan Perundang-undangan
2. Terlaksananya identifikasi kebutuhan pembinaan dan pengembangan kompetensi Perancang",tw1,0
7,3. Penyusunan laporan tindak lanjut hasil analisis dan evaluasi Peraturan Perundang-undangan,Persen,"1.Laporan pengumpulan dan inventarisasi Peraturan Perundang-undangan yang akan dianalisis dan dievaluasi
2. Laporan pengolahan dan analisis hasil evaluasi Peraturan Perundang-undangan
3. Laporan dan/atau rekomendasi tindak lanjut hasil analisis dan evaluasi Peraturan Perundang-undangan",tw1,0
7,4. Penyusunan Laporan Perencanaan Kebijakan,Persen,"1. Laporan pengumpulan dan inventarisasi Peraturan Perundang-undangan yang akan dianalisis dan dievaluasi
2. Persentase pengumpulan data dan informasi sebagai bahan pertimbangan hukum dan penyusunan naskah urgensi kebijakan",tw1,0
7,5. Tersedianya Laporan Implementasi Kebijakan,Persen,Persentase pengumpulan data dan informasi pelaksanaan kebijakan Persentase laporan monitoring dan evaluasi implementasi kebijakan,tw1,0
7,6. Penyusunan Laporan Evaluasi dan Keberlanjutan Kebijakan,Persen,"1. Laporan analisis dampak kebijakan
2. Laporan analisis/telaah keselarasan regulasi
3.  Laporan evaluasi dan rekomendasi keberlanjutan kebijakan
4. Laporan implementasi kebijakan",tw1,0
7,7. Terwujudnya Kualitas re-regulasi atau deregulasi berbagai Peraturan Perundangan-undangan dan produk hukum lainnya berdasarkan hasil reviu,Persen,"1. Terlaksananya pengumpulan data dan informasi dalam rangka Penyusunan Laporan analisis dan evaluasi Peraturan Perundang-undangan dan produk hukum lainnya
2. Terlaksananya analisis data dan informasi dalam rangka Penyusunan Laporan analisis dan evaluasi Peraturan Perundang-undangan dan produk hukum lainnya
3. Tersusunnya Laporan analisis dan evaluasi Peraturan Perundang-undangan dan produk hukum lainnya",tw1,0
7,8. Terwujudnya Database Peraturan Perundang-undangan yang lengkap dan handal,Persen,"1. Laporan pengelolaan dokumen dan informasi hukum yang lengkap dan akurat 
2. Laporan aksesbilitas terhadap dokumen dan informasi hukum
3. Laporan integrasi dan sinkronisasi dokumen hukum
4. Laporan pengembangan JDIH",tw1,0
7,9. Tersedianya Laporan Transparansi dan Partisipasi Publik,Persen,1. Penyusunan Laporan Transparansi dan 2. Partisipasi Publik (Penyuluhan Hukum),tw1,0
7,1. Tersedianya laporan penyusunan Peraturan Perundang-undangan dan produk hukum lainnya,Persen,"1. Laporan pengumpulan dan inventarisasi bahan/data dalam rangka harmonisasi Peraturan Perundang-undangan dan produk hukum lainnya
2. Laporan hasil harmonisasi Peraturan Perundang-undangan dan produk hukum lainnya
3. Laporan tersusunnya konsep dan perbaikan rancangan Peraturan Perundang-undangan dan produk hukum lainnya
4. Laporan proses pengundangan peraturan perundang-undangan",tw2,0
7,2. Tersedianya laporan pembinaan Perancang Peraturan Perundang-undangan,Persen,"1. Pengembangan kompetensi Perancang Peraturan Perundang-undangan
2. Terlaksananya identifikasi kebutuhan pembinaan dan pengembangan kompetensi Perancang",tw2,0
7,3. Penyusunan laporan tindak lanjut hasil analisis dan evaluasi Peraturan Perundang-undangan,Persen,"1.Laporan pengumpulan dan inventarisasi Peraturan Perundang-undangan yang akan dianalisis dan dievaluasi
2. Laporan pengolahan dan analisis hasil evaluasi Peraturan Perundang-undangan
3. Laporan dan/atau rekomendasi tindak lanjut hasil analisis dan evaluasi Peraturan Perundang-undangan",tw2,0
7,4. Penyusunan Laporan Perencanaan Kebijakan,Persen,"1. Laporan pengumpulan dan inventarisasi Peraturan Perundang-undangan yang akan dianalisis dan dievaluasi
2. Persentase pengumpulan data dan informasi sebagai bahan pertimbangan hukum dan penyusunan naskah urgensi kebijakan",tw2,0
7,5. Tersedianya Laporan Implementasi Kebijakan,Persen,Persentase pengumpulan data dan informasi pelaksanaan kebijakan Persentase laporan monitoring dan evaluasi implementasi kebijakan,tw2,0
7,6. Penyusunan Laporan Evaluasi dan Keberlanjutan Kebijakan,Persen,"1. Laporan analisis dampak kebijakan
2. Laporan analisis/telaah keselarasan regulasi
3.  Laporan evaluasi dan rekomendasi keberlanjutan kebijakan
4. Laporan implementasi kebijakan",tw2,0
7,7. Terwujudnya Kualitas re-regulasi atau deregulasi berbagai Peraturan Perundangan-undangan dan produk hukum lainnya berdasarkan hasil reviu,Persen,"1. Terlaksananya pengumpulan data dan informasi dalam rangka Penyusunan Laporan analisis dan evaluasi Peraturan Perundang-undangan dan produk hukum lainnya
2. Terlaksananya analisis data dan informasi dalam rangka Penyusunan Laporan analisis dan evaluasi Peraturan Perundang-undangan dan produk hukum lainnya
3. Tersusunnya Laporan analisis dan evaluasi Peraturan Perundang-undangan dan produk hukum lainnya",tw2,0
7,8. Terwujudnya Database Peraturan Perundang-undangan yang lengkap dan handal,Persen,"1. Laporan pengelolaan dokumen dan informasi hukum yang lengkap dan akurat 
2. Laporan aksesbilitas terhadap dokumen dan informasi hukum
3. Laporan integrasi dan sinkronisasi dokumen hukum
4. Laporan pengembangan JDIH",tw2,0
7,9. Tersedianya Laporan Transparansi dan Partisipasi Publik,Persen,1. Penyusunan Laporan Transparansi dan 2. Partisipasi Publik (Penyuluhan Hukum),tw2,0
7,1. Tersedianya laporan penyusunan Peraturan Perundang-undangan dan produk hukum lainnya,Persen,"1. Laporan pengumpulan dan inventarisasi bahan/data dalam rangka harmonisasi Peraturan Perundang-undangan dan produk hukum lainnya
2. Laporan hasil harmonisasi Peraturan Perundang-undangan dan produk hukum lainnya
3. Laporan tersusunnya konsep dan perbaikan rancangan Peraturan Perundang-undangan dan produk hukum lainnya
4. Laporan proses pengundangan peraturan perundang-undangan",tw3,100
7,2. Tersedianya laporan pembinaan Perancang Peraturan Perundang-undangan,Persen,"1. Pengembangan kompetensi Perancang Peraturan Perundang-undangan
2. Terlaksananya identifikasi kebutuhan pembinaan dan pengembangan kompetensi Perancang",tw3,100
7,3. Penyusunan laporan tindak lanjut hasil analisis dan evaluasi Peraturan Perundang-undangan,Persen,"1.Laporan pengumpulan dan inventarisasi Peraturan Perundang-undangan yang akan dianalisis dan dievaluasi
2. Laporan pengolahan dan analisis hasil evaluasi Peraturan Perundang-undangan
3. Laporan dan/atau rekomendasi tindak lanjut hasil analisis dan evaluasi Peraturan Perundang-undangan",tw3,100
7,4. Penyusunan Laporan Perencanaan Kebijakan,Persen,"1. Laporan pengumpulan dan inventarisasi Peraturan Perundang-undangan yang akan dianalisis dan dievaluasi
2. Persentase pengumpulan data dan informasi sebagai bahan pertimbangan hukum dan penyusunan naskah urgensi kebijakan",tw3,100
7,5. Tersedianya Laporan Implementasi Kebijakan,Persen,Persentase pengumpulan data dan informasi pelaksanaan kebijakan Persentase laporan monitoring dan evaluasi implementasi kebijakan,tw3,100
7,6. Penyusunan Laporan Evaluasi dan Keberlanjutan Kebijakan,Persen,"1. Laporan analisis dampak kebijakan
2. Laporan analisis/telaah keselarasan regulasi
3.  Laporan evaluasi dan rekomendasi keberlanjutan kebijakan
4. Laporan implementasi kebijakan",tw3,100
7,7. Terwujudnya Kualitas re-regulasi atau deregulasi berbagai Peraturan Perundangan-undangan dan produk hukum lainnya berdasarkan hasil reviu,Persen,"1. Terlaksananya pengumpulan data dan informasi dalam rangka Penyusunan Laporan analisis dan evaluasi Peraturan Perundang-undangan dan produk hukum lainnya
2. Terlaksananya analisis data dan informasi dalam rangka Penyusunan Laporan analisis dan evaluasi Peraturan Perundang-undangan dan produk hukum lainnya
3. Tersusunnya Laporan analisis dan evaluasi Peraturan Perundang-undangan dan produk hukum lainnya",tw3,100
7,8. Terwujudnya Database Peraturan Perundang-undangan yang lengkap dan handal,Persen,"1. Laporan pengelolaan dokumen dan informasi hukum yang lengkap dan akurat 
2. Laporan aksesbilitas terhadap dokumen dan informasi hukum
3. Laporan integrasi dan sinkronisasi dokumen hukum
4. Laporan pengembangan JDIH",tw3,100
7,9. Tersedianya Laporan Transparansi dan Partisipasi Publik,Persen,1. Penyusunan Laporan Transparansi dan 2. Partisipasi Publik (Penyuluhan Hukum),tw3,100
7,1. Tersedianya laporan penyusunan Peraturan Perundang-undangan dan produk hukum lainnya,Persen,"1. Laporan pengumpulan dan inventarisasi bahan/data dalam rangka harmonisasi Peraturan Perundang-undangan dan produk hukum lainnya
2. Laporan hasil harmonisasi Peraturan Perundang-undangan dan produk hukum lainnya
3. Laporan tersusunnya konsep dan perbaikan rancangan Peraturan Perundang-undangan dan produk hukum lainnya
4. Laporan proses pengundangan peraturan perundang-undangan",tw4,100
7,2. Tersedianya laporan pembinaan Perancang Peraturan Perundang-undangan,Persen,"1. Pengembangan kompetensi Perancang Peraturan Perundang-undangan
2. Terlaksananya identifikasi kebutuhan pembinaan dan pengembangan kompetensi Perancang",tw4,100
7,3. Penyusunan laporan tindak lanjut hasil analisis dan evaluasi Peraturan Perundang-undangan,Persen,"1.Laporan pengumpulan dan inventarisasi Peraturan Perundang-undangan yang akan dianalisis dan dievaluasi
2. Laporan pengolahan dan analisis hasil evaluasi Peraturan Perundang-undangan
3. Laporan dan/atau rekomendasi tindak lanjut hasil analisis dan evaluasi Peraturan Perundang-undangan",tw4,100
7,4. Penyusunan Laporan Perencanaan Kebijakan,Persen,"1. Laporan pengumpulan dan inventarisasi Peraturan Perundang-undangan yang akan dianalisis dan dievaluasi
2. Persentase pengumpulan data dan informasi sebagai bahan pertimbangan hukum dan penyusunan naskah urgensi kebijakan",tw4,100
7,5. Tersedianya Laporan Implementasi Kebijakan,Persen,Persentase pengumpulan data dan informasi pelaksanaan kebijakan Persentase laporan monitoring dan evaluasi implementasi kebijakan,tw4,100
7,6. Penyusunan Laporan Evaluasi dan Keberlanjutan Kebijakan,Persen,"1. Laporan analisis dampak kebijakan
2. Laporan analisis/telaah keselarasan regulasi
3.  Laporan evaluasi dan rekomendasi keberlanjutan kebijakan
4. Laporan implementasi kebijakan",tw4,100
7,7. Terwujudnya Kualitas re-regulasi atau deregulasi berbagai Peraturan Perundangan-undangan dan produk hukum lainnya berdasarkan hasil reviu,Persen,"1. Terlaksananya pengumpulan data dan informasi dalam rangka Penyusunan Laporan analisis dan evaluasi Peraturan Perundang-undangan dan produk hukum lainnya
2. Terlaksananya analisis data dan informasi dalam rangka Penyusunan Laporan analisis dan evaluasi Peraturan Perundang-undangan dan produk hukum lainnya
3. Tersusunnya Laporan analisis dan evaluasi Peraturan Perundang-undangan dan produk hukum lainnya",tw4,100
7,8. Terwujudnya Database Peraturan Perundang-undangan yang lengkap dan handal,Persen,"1. Laporan pengelolaan dokumen dan informasi hukum yang lengkap dan akurat 
2. Laporan aksesbilitas terhadap dokumen dan informasi hukum
3. Laporan integrasi dan sinkronisasi dokumen hukum
4. Laporan pengembangan JDIH",tw4,100
7,9. Tersedianya Laporan Transparansi dan Partisipasi Publik,Persen,1. Penyusunan Laporan Transparansi dan 2. Partisipasi Publik (Penyuluhan Hukum),tw4,100
8,1. Publikasi pedoman Sistem dan Mekanisme Kerja,Persen,"1. Laporan reviu sistem dan mekanisme kerja
2. Bahan Publikasi pedoman sistem dan mekanisme kerja",tw1,0
8,2. Penyusunan/Reviu Peta Proses Bisnis,Persen,"1. Penyusunan peta proses Bisnis BPS
2. Penyusunan peta subproses, peta relasi dan  peta lintas fungsi",tw1,
8,2. melakukan penyusunan revisi pedoman penyusunan SOP di lingkungan BPS,Persen,1. Persentase Penyelesaian penyusunan revisi pedoman penyusunan SOP di lingkungan BPS,tw1,0
8,1. Publikasi pedoman Sistem dan Mekanisme Kerja,Persen,"1. Laporan reviu sistem dan mekanisme kerja
2. Bahan Publikasi pedoman sistem dan mekanisme kerja",tw2,0
8,2. Penyusunan/Reviu Peta Proses Bisnis,Persen,"1. Penyusunan peta proses Bisnis BPS
2. Penyusunan peta subproses, peta relasi dan  peta lintas fungsi",tw2,
8,2. melakukan penyusunan revisi pedoman penyusunan SOP di lingkungan BPS,Persen,1. Persentase Penyelesaian penyusunan revisi pedoman penyusunan SOP di lingkungan BPS,tw2,0
8,1. Publikasi pedoman Sistem dan Mekanisme Kerja,Persen,"1. Laporan reviu sistem dan mekanisme kerja
2. Bahan Publikasi pedoman sistem dan mekanisme kerja",tw3,50
8,2. Penyusunan/Reviu Peta Proses Bisnis,Persen,"1. Penyusunan peta proses Bisnis BPS
2. Penyusunan peta subproses, peta relasi dan  peta lintas fungsi",tw3,
8,2. melakukan penyusunan revisi pedoman penyusunan SOP di lingkungan BPS,Persen,1. Persentase Penyelesaian penyusunan revisi pedoman penyusunan SOP di lingkungan BPS,tw3,50
8,1. Publikasi pedoman Sistem dan Mekanisme Kerja,Persen,"1. Laporan reviu sistem dan mekanisme kerja
2. Bahan Publikasi pedoman sistem dan mekanisme kerja",tw4,100
8,2. Penyusunan/Reviu Peta Proses Bisnis,Persen,"1. Penyusunan peta proses Bisnis BPS
2. Penyusunan peta subproses, peta relasi dan  peta lintas fungsi",tw4,
8,2. melakukan penyusunan revisi pedoman penyusunan SOP di lingkungan BPS,Persen,1. Persentase Penyelesaian penyusunan revisi pedoman penyusunan SOP di lingkungan BPS,tw4,100
9,1. Menyusun usulan penataan organisasi BPS,Persen,1. Persentase penyelesaian usulan penataan organisasi BPS dan instansi vertikal BPS,tw1,20
9,2. Menyusun usulan penataan organisasi instansi vertikal BPS,Persen,Persentase penyelesaian usulan penataan organisasi BPS dan instansi vertikal BPS,tw1,20
9,1. Menyusun usulan penataan organisasi BPS,Persen,1. Persentase penyelesaian usulan penataan organisasi BPS dan instansi vertikal BPS,tw2,60
9,2. Menyusun usulan penataan organisasi instansi vertikal BPS,Persen,Persentase penyelesaian usulan penataan organisasi BPS dan instansi vertikal BPS,tw2,60
9,1. Menyusun usulan penataan organisasi BPS,Persen,1. Persentase penyelesaian usulan penataan organisasi BPS dan instansi vertikal BPS,tw3,80
9,2. Menyusun usulan penataan organisasi instansi vertikal BPS,Persen,Persentase penyelesaian usulan penataan organisasi BPS dan instansi vertikal BPS,tw3,80
9,1. Menyusun usulan penataan organisasi BPS,Persen,1. Persentase penyelesaian usulan penataan organisasi BPS dan instansi vertikal BPS,tw4,100
9,2. Menyusun usulan penataan organisasi instansi vertikal BPS,Persen,Persentase penyelesaian usulan penataan organisasi BPS dan instansi vertikal BPS,tw4,100
10,1. Pemberkasan naskah dinas  pada aplikasi Srikandi ,Persen,Persentase pemberkasan naskah dinas pada aplikasi SRIKANDI,tw1,0.25
10,2. Keaktifan seluruh akun dalam penggunaan aplikasi SRIKANDI,Persen,Persentase keaktifan seluruh akun dalam penggunaan aplikasi SRIKANDI,tw1,0.25
10,3. Pelaksanaan alih media arsip sesuai target,Persen,Persentase pelaksanaan alih media arsip sesuai target yang ditetapkan,tw1,0.25
10,1. Pemberkasan naskah dinas  pada aplikasi Srikandi ,Persen,Persentase pemberkasan naskah dinas pada aplikasi SRIKANDI,tw2,0.5
10,2. Keaktifan seluruh akun dalam penggunaan aplikasi SRIKANDI,Persen,Persentase keaktifan seluruh akun dalam penggunaan aplikasi SRIKANDI,tw2,0.5
10,3. Pelaksanaan alih media arsip sesuai target,Persen,Persentase pelaksanaan alih media arsip sesuai target yang ditetapkan,tw2,0.5
10,1. Pemberkasan naskah dinas  pada aplikasi Srikandi ,Persen,Persentase pemberkasan naskah dinas pada aplikasi SRIKANDI,tw3,0.75
10,2. Keaktifan seluruh akun dalam penggunaan aplikasi SRIKANDI,Persen,Persentase keaktifan seluruh akun dalam penggunaan aplikasi SRIKANDI,tw3,0.75
10,3. Pelaksanaan alih media arsip sesuai target,Persen,Persentase pelaksanaan alih media arsip sesuai target yang ditetapkan,tw3,0.75
10,1. Pemberkasan naskah dinas  pada aplikasi Srikandi ,Persen,Persentase pemberkasan naskah dinas pada aplikasi SRIKANDI,tw4,1
10,2. Keaktifan seluruh akun dalam penggunaan aplikasi SRIKANDI,Persen,Persentase keaktifan seluruh akun dalam penggunaan aplikasi SRIKANDI,tw4,1
10,3. Pelaksanaan alih media arsip sesuai target,Persen,Persentase pelaksanaan alih media arsip sesuai target yang ditetapkan,tw4,1
11,"1. Pemenuhan Keterisian Formasi JF PPBJ baik melalui Pengangkatan Pertama, Perpindahan Jabatan Lainnya (PJL), maupun kenaikan Jenjang",Laporan,Jumlah laporan kegiatan Pemenuhan Keterisian Formasi JF PPBJ yang terlaksana sesuai rencana,tw1,1
11,2. Pemenuhan/Update Bukti Dukung dalam Rangka Pencapaian Kematangan UKPBJ Level 3 (Proaktif) dan PKP,Persen,Persentase Penyelesaian Pemenuhan Bukti Dukung dalam Rangka Pencapaian Kematangan UKPBJ Level 3 (Proaktif) yang diselesaikan berdasarkan hasil reviu LKPP,tw1,1
11,3. Pelaksanaan monitoring pemanfaatan Sistem Pengadaan Barang/Jasa ,Persen,Persentase kegiatan monitoring pemanfaatan sistem pengadaan yang terlaksana sesuai kebutuhan,tw1,0.4
11,4. Implementasi penyelenggaraan Clearing House Pengadaan sesuai dengan ketentuan,Dokumen,Jumlah dokumen SK Tim Clearing House yang terupdate,tw1,0
11,"1. Pemenuhan Keterisian Formasi JF PPBJ baik melalui Pengangkatan Pertama, Perpindahan Jabatan Lainnya (PJL), maupun kenaikan Jenjang",Laporan,Jumlah laporan kegiatan Pemenuhan Keterisian Formasi JF PPBJ yang terlaksana sesuai rencana,tw2,2
11,2. Pemenuhan/Update Bukti Dukung dalam Rangka Pencapaian Kematangan UKPBJ Level 3 (Proaktif) dan PKP,Persen,Persentase Penyelesaian Pemenuhan Bukti Dukung dalam Rangka Pencapaian Kematangan UKPBJ Level 3 (Proaktif) yang diselesaikan berdasarkan hasil reviu LKPP,tw2,1
11,3. Pelaksanaan monitoring pemanfaatan Sistem Pengadaan Barang/Jasa ,Persen,Persentase kegiatan monitoring pemanfaatan sistem pengadaan yang terlaksana sesuai kebutuhan,tw2,0.6
11,4. Implementasi penyelenggaraan Clearing House Pengadaan sesuai dengan ketentuan,Dokumen,Jumlah dokumen SK Tim Clearing House yang terupdate,tw2,0
11,"1. Pemenuhan Keterisian Formasi JF PPBJ baik melalui Pengangkatan Pertama, Perpindahan Jabatan Lainnya (PJL), maupun kenaikan Jenjang",Laporan,Jumlah laporan kegiatan Pemenuhan Keterisian Formasi JF PPBJ yang terlaksana sesuai rencana,tw3,3
11,2. Pemenuhan/Update Bukti Dukung dalam Rangka Pencapaian Kematangan UKPBJ Level 3 (Proaktif) dan PKP,Persen,Persentase Penyelesaian Pemenuhan Bukti Dukung dalam Rangka Pencapaian Kematangan UKPBJ Level 3 (Proaktif) yang diselesaikan berdasarkan hasil reviu LKPP,tw3,1
11,3. Pelaksanaan monitoring pemanfaatan Sistem Pengadaan Barang/Jasa ,Persen,Persentase kegiatan monitoring pemanfaatan sistem pengadaan yang terlaksana sesuai kebutuhan,tw3,0.8
11,4. Implementasi penyelenggaraan Clearing House Pengadaan sesuai dengan ketentuan,Dokumen,Jumlah dokumen SK Tim Clearing House yang terupdate,tw3,0
11,"1. Pemenuhan Keterisian Formasi JF PPBJ baik melalui Pengangkatan Pertama, Perpindahan Jabatan Lainnya (PJL), maupun kenaikan Jenjang",Laporan,Jumlah laporan kegiatan Pemenuhan Keterisian Formasi JF PPBJ yang terlaksana sesuai rencana,tw4,4
11,2. Pemenuhan/Update Bukti Dukung dalam Rangka Pencapaian Kematangan UKPBJ Level 3 (Proaktif) dan PKP,Persen,Persentase Penyelesaian Pemenuhan Bukti Dukung dalam Rangka Pencapaian Kematangan UKPBJ Level 3 (Proaktif) yang diselesaikan berdasarkan hasil reviu LKPP,tw4,1
11,3. Pelaksanaan monitoring pemanfaatan Sistem Pengadaan Barang/Jasa ,Persen,Persentase kegiatan monitoring pemanfaatan sistem pengadaan yang terlaksana sesuai kebutuhan,tw4,1
11,4. Implementasi penyelenggaraan Clearing House Pengadaan sesuai dengan ketentuan,Dokumen,Jumlah dokumen SK Tim Clearing House yang terupdate,tw4,1
12,1. Melakukan review DIPA secara periodik,Dokumen,Hasil reviu atas DIPA,tw1,1
12,2. Melakukan penyusunan rencana penarikan dana masing-masing jenis belanja,Dokumen,Tersedianya dokumen rencana penraikan dana,tw1,1
12,3. Melakukan monitoring penyerapan anggaran,Dokumen,Tersedianya dokumen monitoring realisasi anggaran,tw1,1
12,4. Melakukan monitoring belanja kontraktual dan penyelesaian tagihan,Dokumen,Tersedianya dokumen Monitoring Kontrak,tw1,1
12,"5. Melakukan koordinasi antara Bendahara, Penanggungjawab kegiatan dan PPK terkait penggunaan UP dan TUP",Kegiatan,"Terlaksananya koordinasi antara PJK, PPK, dan BPP terkait pengelolaan UP / TUP",tw1,1
12,6. Membuat Surat Edaran mengenai langkah-langkah akhir tahun anggaran ,Dokumen,Tersedianya Surat Edaran Langkah-langkah Akhir Tahun,tw1,0
12,7. Menetapkan target dan penyampaian perhitungan capaian output dengan benar dan tepat waktu ,Persentase,Persentase terlaksananya penyampaian laporan target dan capaian output,tw1,25
12,1. Melakukan review DIPA secara periodik,Dokumen,Hasil reviu atas DIPA,tw2,2
12,2. Melakukan penyusunan rencana penarikan dana masing-masing jenis belanja,Dokumen,Tersedianya dokumen rencana penraikan dana,tw2,2
12,3. Melakukan monitoring penyerapan anggaran,Dokumen,Tersedianya dokumen monitoring realisasi anggaran,tw2,2
12,4. Melakukan monitoring belanja kontraktual dan penyelesaian tagihan,Dokumen,Tersedianya dokumen Monitoring Kontrak,tw2,2
12,"5. Melakukan koordinasi antara Bendahara, Penanggungjawab kegiatan dan PPK terkait penggunaan UP dan TUP",Kegiatan,"Terlaksananya koordinasi antara PJK, PPK, dan BPP terkait pengelolaan UP / TUP",tw2,2
12,6. Membuat Surat Edaran mengenai langkah-langkah akhir tahun anggaran ,Dokumen,Tersedianya Surat Edaran Langkah-langkah Akhir Tahun,tw2,0
12,7. Menetapkan target dan penyampaian perhitungan capaian output dengan benar dan tepat waktu ,Persentase,Persentase terlaksananya penyampaian laporan target dan capaian output,tw2,50
12,1. Melakukan review DIPA secara periodik,Dokumen,Hasil reviu atas DIPA,tw3,3
12,2. Melakukan penyusunan rencana penarikan dana masing-masing jenis belanja,Dokumen,Tersedianya dokumen rencana penraikan dana,tw3,3
12,3. Melakukan monitoring penyerapan anggaran,Dokumen,Tersedianya dokumen monitoring realisasi anggaran,tw3,3
12,4. Melakukan monitoring belanja kontraktual dan penyelesaian tagihan,Dokumen,Tersedianya dokumen Monitoring Kontrak,tw3,3
12,"5. Melakukan koordinasi antara Bendahara, Penanggungjawab kegiatan dan PPK terkait penggunaan UP dan TUP",Kegiatan,"Terlaksananya koordinasi antara PJK, PPK, dan BPP terkait pengelolaan UP / TUP",tw3,3
12,6. Membuat Surat Edaran mengenai langkah-langkah akhir tahun anggaran ,Dokumen,Tersedianya Surat Edaran Langkah-langkah Akhir Tahun,tw3,0
12,7. Menetapkan target dan penyampaian perhitungan capaian output dengan benar dan tepat waktu ,Persentase,Persentase terlaksananya penyampaian laporan target dan capaian output,tw3,75
12,1. Melakukan review DIPA secara periodik,Dokumen,Hasil reviu atas DIPA,tw4,4
12,2. Melakukan penyusunan rencana penarikan dana masing-masing jenis belanja,Dokumen,Tersedianya dokumen rencana penraikan dana,tw4,4
12,3. Melakukan monitoring penyerapan anggaran,Dokumen,Tersedianya dokumen monitoring realisasi anggaran,tw4,4
12,4. Melakukan monitoring belanja kontraktual dan penyelesaian tagihan,Dokumen,Tersedianya dokumen Monitoring Kontrak,tw4,4
12,"5. Melakukan koordinasi antara Bendahara, Penanggungjawab kegiatan dan PPK terkait penggunaan UP dan TUP",Kegiatan,"Terlaksananya koordinasi antara PJK, PPK, dan BPP terkait pengelolaan UP / TUP",tw4,4
12,6. Membuat Surat Edaran mengenai langkah-langkah akhir tahun anggaran ,Dokumen,Tersedianya Surat Edaran Langkah-langkah Akhir Tahun,tw4,1
12,7. Menetapkan target dan penyampaian perhitungan capaian output dengan benar dan tepat waktu ,Persentase,Persentase terlaksananya penyampaian laporan target dan capaian output,tw4,100
13,1. Menyusun dan Mengirimkan Laporan Keuangan BPS yang sesuai dengan Standar Akuntansi Pemerintahan secara tepat waktu,Dokumen,Jumlah Laporan Keuangan BPS yang sesuai dengan standar akuntansi pemerintahan yang  tersusun dan dikirim tepat waktu,tw1,1
13,"2. Penyelesaian Menu To Do List, Rekonsiliasi, Monitoring, dan Daftar Rincian pada Aplikasi MonSAKTI tingkat Instansii pada BPS",Persentase,"Persentase Penyelesaian menu To Do List, Rekonsiliasi, Monitoring, Daftar Rincian pada MonSAKTI BPS",tw1,100
13,3. Penerapan Pengendalian Intern atas Pelaporan Keuangan (PIPK) TA 2026,Dokumen,Laporan Hasil Penilaian atas Penerapan PIPK = efektif,tw1,0
13,4. Pelaksanaan pembinaan dalam pelaporan keuangan tingkat wilayah dan satker dalam bentuk Workshop Penyusunan Laporan Keuangan,Kegiatan,Jumlah kegiatan pembinaan dalam pelaporan keuangan tingkat wilayah dan satker dalam bentuk Workshop Penyusunan Laporan Keuangan,tw1,1
13,1. Menyusun dan Mengirimkan Laporan Keuangan BPS yang sesuai dengan Standar Akuntansi Pemerintahan secara tepat waktu,Dokumen,Jumlah Laporan Keuangan BPS yang sesuai dengan standar akuntansi pemerintahan yang  tersusun dan dikirim tepat waktu,tw2,2
13,"2. Penyelesaian Menu To Do List, Rekonsiliasi, Monitoring, dan Daftar Rincian pada Aplikasi MonSAKTI tingkat Instansii pada BPS",Persentase,"Persentase Penyelesaian menu To Do List, Rekonsiliasi, Monitoring, Daftar Rincian pada MonSAKTI BPS",tw2,100
13,3. Penerapan Pengendalian Intern atas Pelaporan Keuangan (PIPK) TA 2026,Dokumen,Laporan Hasil Penilaian atas Penerapan PIPK = efektif,tw2,0
13,4. Pelaksanaan pembinaan dalam pelaporan keuangan tingkat wilayah dan satker dalam bentuk Workshop Penyusunan Laporan Keuangan,Kegiatan,Jumlah kegiatan pembinaan dalam pelaporan keuangan tingkat wilayah dan satker dalam bentuk Workshop Penyusunan Laporan Keuangan,tw2,0
13,1. Menyusun dan Mengirimkan Laporan Keuangan BPS yang sesuai dengan Standar Akuntansi Pemerintahan secara tepat waktu,Dokumen,Jumlah Laporan Keuangan BPS yang sesuai dengan standar akuntansi pemerintahan yang  tersusun dan dikirim tepat waktu,tw3,3
13,"2. Penyelesaian Menu To Do List, Rekonsiliasi, Monitoring, dan Daftar Rincian pada Aplikasi MonSAKTI tingkat Instansii pada BPS",Persentase,"Persentase Penyelesaian menu To Do List, Rekonsiliasi, Monitoring, Daftar Rincian pada MonSAKTI BPS",tw3,100
13,3. Penerapan Pengendalian Intern atas Pelaporan Keuangan (PIPK) TA 2026,Dokumen,Laporan Hasil Penilaian atas Penerapan PIPK = efektif,tw3,0
13,4. Pelaksanaan pembinaan dalam pelaporan keuangan tingkat wilayah dan satker dalam bentuk Workshop Penyusunan Laporan Keuangan,Kegiatan,Jumlah kegiatan pembinaan dalam pelaporan keuangan tingkat wilayah dan satker dalam bentuk Workshop Penyusunan Laporan Keuangan,tw3,0
13,1. Menyusun dan Mengirimkan Laporan Keuangan BPS yang sesuai dengan Standar Akuntansi Pemerintahan secara tepat waktu,Dokumen,Jumlah Laporan Keuangan BPS yang sesuai dengan standar akuntansi pemerintahan yang  tersusun dan dikirim tepat waktu,tw4,4
13,"2. Penyelesaian Menu To Do List, Rekonsiliasi, Monitoring, dan Daftar Rincian pada Aplikasi MonSAKTI tingkat Instansii pada BPS",Persentase,"Persentase Penyelesaian menu To Do List, Rekonsiliasi, Monitoring, Daftar Rincian pada MonSAKTI BPS",tw4,100
13,3. Penerapan Pengendalian Intern atas Pelaporan Keuangan (PIPK) TA 2026,Dokumen,Laporan Hasil Penilaian atas Penerapan PIPK = efektif,tw4,1
13,4. Pelaksanaan pembinaan dalam pelaporan keuangan tingkat wilayah dan satker dalam bentuk Workshop Penyusunan Laporan Keuangan,Kegiatan,Jumlah kegiatan pembinaan dalam pelaporan keuangan tingkat wilayah dan satker dalam bentuk Workshop Penyusunan Laporan Keuangan,tw4,0
14,"Dalam rangka memperoleh nilai IPA (minimal) sesuai target yang sudah ditetapkan, maka akan dilakukan beberapa hal sbb:",Presentase ,Persentase Pengelolaan BMN yang Akuntabel dan Produktif​,tw1,6.57
14,1. Optimalisasi tindak lanjut atas rekomendasi BPK,,,tw1,
14,"2. Perbaikan pengelolaan PNBP, terutama dari sisi penetapan estimasi PNBP yang berasal dari pengelolan BMN",,,tw1,
14,"3. Memenuhi kewajiban dalam hal penyampaian Laporan, baik dari sisi ketepatan waktu penyampaian maupun kelengkapan laporan",,Persentase Kepatuhan Pengelolaan BMN terhadap Peraturan Perundang-undangan,tw1,64
14,4. Monitoring Pelaksanaan proses Penghapusan dan Penetapan Status BMN,,Persentase Pengawasan dan Pengendalian yang Efektif​,tw1,23
14,5. Optimalisasi sertifikasi tanah negara yang sudah ditetapkan.,,Persentase Administrasi BMN yang Andal ​,tw1,41.59
14,"Dalam rangka memperoleh nilai IPA (minimal) sesuai target yang sudah ditetapkan, maka akan dilakukan beberapa hal sbb:",Presentase ,Persentase Pengelolaan BMN yang Akuntabel dan Produktif​,tw2,24.99
14,1. Optimalisasi tindak lanjut atas rekomendasi BPK,,,tw2,
14,"2. Perbaikan pengelolaan PNBP, terutama dari sisi penetapan estimasi PNBP yang berasal dari pengelolan BMN",,,tw2,
14,"3. Memenuhi kewajiban dalam hal penyampaian Laporan, baik dari sisi ketepatan waktu penyampaian maupun kelengkapan laporan",,Persentase Kepatuhan Pengelolaan BMN terhadap Peraturan Perundang-undangan,tw2,78
14,4. Monitoring Pelaksanaan proses Penghapusan dan Penetapan Status BMN,,Persentase Pengawasan dan Pengendalian yang Efektif​,tw2,45
14,5. Optimalisasi sertifikasi tanah negara yang sudah ditetapkan.,,Persentase Administrasi BMN yang Andal ​,tw2,60.36
14,"Dalam rangka memperoleh nilai IPA (minimal) sesuai target yang sudah ditetapkan, maka akan dilakukan beberapa hal sbb:",Presentase ,Persentase Pengelolaan BMN yang Akuntabel dan Produktif​,tw3,59.19
14,1. Optimalisasi tindak lanjut atas rekomendasi BPK,,,tw3,
14,"2. Perbaikan pengelolaan PNBP, terutama dari sisi penetapan estimasi PNBP yang berasal dari pengelolan BMN",,,tw3,
14,"3. Memenuhi kewajiban dalam hal penyampaian Laporan, baik dari sisi ketepatan waktu penyampaian maupun kelengkapan laporan",,Persentase Kepatuhan Pengelolaan BMN terhadap Peraturan Perundang-undangan,tw3,83
14,4. Monitoring Pelaksanaan proses Penghapusan dan Penetapan Status BMN,,Persentase Pengawasan dan Pengendalian yang Efektif​,tw3,75
14,5. Optimalisasi sertifikasi tanah negara yang sudah ditetapkan.,,Persentase Administrasi BMN yang Andal ​,tw3,79.15
14,"Dalam rangka memperoleh nilai IPA (minimal) sesuai target yang sudah ditetapkan, maka akan dilakukan beberapa hal sbb:",Presentase ,Persentase Pengelolaan BMN yang Akuntabel dan Produktif​,tw4,100
14,1. Optimalisasi tindak lanjut atas rekomendasi BPK,,,tw4,
14,"2. Perbaikan pengelolaan PNBP, terutama dari sisi penetapan estimasi PNBP yang berasal dari pengelolan BMN",,,tw4,
14,"3. Memenuhi kewajiban dalam hal penyampaian Laporan, baik dari sisi ketepatan waktu penyampaian maupun kelengkapan laporan",,Persentase Kepatuhan Pengelolaan BMN terhadap Peraturan Perundang-undangan,tw4,100
14,4. Monitoring Pelaksanaan proses Penghapusan dan Penetapan Status BMN,,Persentase Pengawasan dan Pengendalian yang Efektif​,tw4,100
14,5. Optimalisasi sertifikasi tanah negara yang sudah ditetapkan.,,Persentase Administrasi BMN yang Andal ​,tw4,99.63
15,1. Koordinasi dengan Kementerian PAN RB tentang pengukuran Indeks Berakhlak ,Persen,Tingkat implementasi core value Berakhlak,tw1,0
15,1. Koordinasi dengan Kementerian PAN RB tentang pengukuran Indeks Berakhlak ,Persen,Tingkat implementasi core value Berakhlak,tw2,0
15,1. Koordinasi dengan Kementerian PAN RB tentang pengukuran Indeks Berakhlak ,Persen,Tingkat implementasi core value Berakhlak,tw3,0
15,1. Koordinasi dengan Kementerian PAN RB tentang pengukuran Indeks Berakhlak ,Persen,Tingkat implementasi core value Berakhlak,tw4,100
16,"1. Melakukan assessment terhadap seluruh pegawai sesuai dengan standar kompetensi jabatan, dan penyusunan profil pegawai berdasarkan kompetensi/talenta dan diperbarui secara berkala",Persen,Persentase pegawai yang telah mengikuti asesmen kompetensi,tw1,0
16,2. Menyempurnakan serta melengkapi  penyusunan talent pool untuk seluruh  pegawai di dalam aplikasi Manajemen Talenta  berpedoman pada Peraturan Menteri  Pendayagunaan Aparatur Negara dan Reformasi Birokrasi Nomor 3 Tahun 2020 tentang Manajemen Talenta Aparatur Sipil Negara,Persen,persentase penyusunan talent pool untuk seluruh pegawai,tw1,0
16,3. Menyempurnakan penyusunan dokumen kesenjangan kualifikasi dan kesenjangan kompetensi untuk seluruh pegawai yang diperbarui secara berkala di dalam aplikasi Manajemen Talenta,Persen,Tingkat Kesenjangan Kualifikasi dan Kompetensi,tw1,0
16,"4. Mengoptimalisasi program dan/atau strategi pengembangan kompetensi pegawai dalam bentuk klasikal dan non klasikal, yang berbasis pada kesenjangan kompetensi kualifikasi dan kinerja pegawai, dengan berpedoman pada Peraturan  Lembaga Administrasi Negara Nomor 10 Tahun 2018 tentang Pengembangan Kompetensi Pegawai Negeri Sipil.",Persen,Tingkat pengembangan kompetensi pegawai,tw1,0
16,5. Melaksanakan strategi untuk mengatasi permasalahan kinerja untuk seluruh pegawai secara berkala. ,Persen,Tingkat Penyelesaian Permasalahan Kinerja ,tw1,0
16,6. Melaksanakan  pemberian penghargaan kepada pegawai berprestasi sesuai dengan peraturan yang berlaku secara konsisten; ,Persen,Tingkat pelaksanaan pemberian penghargaan pegawai,tw1,0
16,"1. Melakukan assessment terhadap seluruh pegawai sesuai dengan standar kompetensi jabatan, dan penyusunan profil pegawai berdasarkan kompetensi/talenta dan diperbarui secara berkala",Persen,Persentase pegawai yang telah mengikuti asesmen kompetensi,tw2,0
16,2. Menyempurnakan serta melengkapi  penyusunan talent pool untuk seluruh  pegawai di dalam aplikasi Manajemen Talenta  berpedoman pada Peraturan Menteri  Pendayagunaan Aparatur Negara dan Reformasi Birokrasi Nomor 3 Tahun 2020 tentang Manajemen Talenta Aparatur Sipil Negara,Persen,persentase penyusunan talent pool untuk seluruh pegawai,tw2,0
16,3. Menyempurnakan penyusunan dokumen kesenjangan kualifikasi dan kesenjangan kompetensi untuk seluruh pegawai yang diperbarui secara berkala di dalam aplikasi Manajemen Talenta,Persen,Tingkat Kesenjangan Kualifikasi dan Kompetensi,tw2,0
16,"4. Mengoptimalisasi program dan/atau strategi pengembangan kompetensi pegawai dalam bentuk klasikal dan non klasikal, yang berbasis pada kesenjangan kompetensi kualifikasi dan kinerja pegawai, dengan berpedoman pada Peraturan  Lembaga Administrasi Negara Nomor 10 Tahun 2018 tentang Pengembangan Kompetensi Pegawai Negeri Sipil.",Persen,Tingkat pengembangan kompetensi pegawai,tw2,50
16,5. Melaksanakan strategi untuk mengatasi permasalahan kinerja untuk seluruh pegawai secara berkala. ,Persen,Tingkat Penyelesaian Permasalahan Kinerja ,tw2,0
16,6. Melaksanakan  pemberian penghargaan kepada pegawai berprestasi sesuai dengan peraturan yang berlaku secara konsisten; ,Persen,Tingkat pelaksanaan pemberian penghargaan pegawai,tw2,0
16,"1. Melakukan assessment terhadap seluruh pegawai sesuai dengan standar kompetensi jabatan, dan penyusunan profil pegawai berdasarkan kompetensi/talenta dan diperbarui secara berkala",Persen,Persentase pegawai yang telah mengikuti asesmen kompetensi,tw3,50
16,2. Menyempurnakan serta melengkapi  penyusunan talent pool untuk seluruh  pegawai di dalam aplikasi Manajemen Talenta  berpedoman pada Peraturan Menteri  Pendayagunaan Aparatur Negara dan Reformasi Birokrasi Nomor 3 Tahun 2020 tentang Manajemen Talenta Aparatur Sipil Negara,Persen,persentase penyusunan talent pool untuk seluruh pegawai,tw3,50
16,3. Menyempurnakan penyusunan dokumen kesenjangan kualifikasi dan kesenjangan kompetensi untuk seluruh pegawai yang diperbarui secara berkala di dalam aplikasi Manajemen Talenta,Persen,Tingkat Kesenjangan Kualifikasi dan Kompetensi,tw3,0
16,"4. Mengoptimalisasi program dan/atau strategi pengembangan kompetensi pegawai dalam bentuk klasikal dan non klasikal, yang berbasis pada kesenjangan kompetensi kualifikasi dan kinerja pegawai, dengan berpedoman pada Peraturan  Lembaga Administrasi Negara Nomor 10 Tahun 2018 tentang Pengembangan Kompetensi Pegawai Negeri Sipil.",Persen,Tingkat pengembangan kompetensi pegawai,tw3,75
16,5. Melaksanakan strategi untuk mengatasi permasalahan kinerja untuk seluruh pegawai secara berkala. ,Persen,Tingkat Penyelesaian Permasalahan Kinerja ,tw3,50
16,6. Melaksanakan  pemberian penghargaan kepada pegawai berprestasi sesuai dengan peraturan yang berlaku secara konsisten; ,Persen,Tingkat pelaksanaan pemberian penghargaan pegawai,tw3,50
16,"1. Melakukan assessment terhadap seluruh pegawai sesuai dengan standar kompetensi jabatan, dan penyusunan profil pegawai berdasarkan kompetensi/talenta dan diperbarui secara berkala",Persen,Persentase pegawai yang telah mengikuti asesmen kompetensi,tw4,100
16,2. Menyempurnakan serta melengkapi  penyusunan talent pool untuk seluruh  pegawai di dalam aplikasi Manajemen Talenta  berpedoman pada Peraturan Menteri  Pendayagunaan Aparatur Negara dan Reformasi Birokrasi Nomor 3 Tahun 2020 tentang Manajemen Talenta Aparatur Sipil Negara,Persen,persentase penyusunan talent pool untuk seluruh pegawai,tw4,100
16,3. Menyempurnakan penyusunan dokumen kesenjangan kualifikasi dan kesenjangan kompetensi untuk seluruh pegawai yang diperbarui secara berkala di dalam aplikasi Manajemen Talenta,Persen,Tingkat Kesenjangan Kualifikasi dan Kompetensi,tw4,100
16,"4. Mengoptimalisasi program dan/atau strategi pengembangan kompetensi pegawai dalam bentuk klasikal dan non klasikal, yang berbasis pada kesenjangan kompetensi kualifikasi dan kinerja pegawai, dengan berpedoman pada Peraturan  Lembaga Administrasi Negara Nomor 10 Tahun 2018 tentang Pengembangan Kompetensi Pegawai Negeri Sipil.",Persen,Tingkat pengembangan kompetensi pegawai,tw4,100
16,5. Melaksanakan strategi untuk mengatasi permasalahan kinerja untuk seluruh pegawai secara berkala. ,Persen,Tingkat Penyelesaian Permasalahan Kinerja ,tw4,100
16,6. Melaksanakan  pemberian penghargaan kepada pegawai berprestasi sesuai dengan peraturan yang berlaku secara konsisten; ,Persen,Tingkat pelaksanaan pemberian penghargaan pegawai,tw4,100
17,1. Melakukan evaluasi kinerja pelayanan publik secara mandiri sesuai Standar KemenPANRB,-,Indeks Pelayanan Publik (IPP),tw1,1.18
17,2. Mengimplementasikan sistem manajemen mutu ISO 9001:2015 pada Pelayanan Statistik Terpadu BPS,Persen,Persentase penyelesaian aktivitas perbaikan sistem manajemen mutu ISO 9001:2015,tw1,40
17,1. Melakukan evaluasi kinerja pelayanan publik secara mandiri sesuai Standar KemenPANRB,-,Indeks Pelayanan Publik (IPP),tw2,4.58
17,2. Mengimplementasikan sistem manajemen mutu ISO 9001:2015 pada Pelayanan Statistik Terpadu BPS,Persen,Persentase penyelesaian aktivitas perbaikan sistem manajemen mutu ISO 9001:2015,tw2,70
17,1. Melakukan evaluasi kinerja pelayanan publik secara mandiri sesuai Standar KemenPANRB,-,Indeks Pelayanan Publik (IPP),tw3,4.67
17,2. Mengimplementasikan sistem manajemen mutu ISO 9001:2015 pada Pelayanan Statistik Terpadu BPS,Persen,Persentase penyelesaian aktivitas perbaikan sistem manajemen mutu ISO 9001:2015,tw3,100
17,1. Melakukan evaluasi kinerja pelayanan publik secara mandiri sesuai Standar KemenPANRB,-,Indeks Pelayanan Publik (IPP),tw4,4.85
17,2. Mengimplementasikan sistem manajemen mutu ISO 9001:2015 pada Pelayanan Statistik Terpadu BPS,Persen,Persentase penyelesaian aktivitas perbaikan sistem manajemen mutu ISO 9001:2015,tw4,100
18,1. Melakukan evaluasi kinerja pelayanan publik secara mandiri sesuai Standar Ombudsman Rl,Persen,Persentase penyelesaian aktivitas perbaikan pelayanan publik sesuai Standar Ombudsman Rl,tw1,20
18,1. Melakukan evaluasi kinerja pelayanan publik secara mandiri sesuai Standar Ombudsman Rl,Persen,Persentase penyelesaian aktivitas perbaikan pelayanan publik sesuai Standar Ombudsman Rl,tw2,50
18,1. Melakukan evaluasi kinerja pelayanan publik secara mandiri sesuai Standar Ombudsman Rl,Persen,Persentase penyelesaian aktivitas perbaikan pelayanan publik sesuai Standar Ombudsman Rl,tw3,90
18,1. Melakukan evaluasi kinerja pelayanan publik secara mandiri sesuai Standar Ombudsman Rl,Persen,Persentase penyelesaian aktivitas perbaikan pelayanan publik sesuai Standar Ombudsman Rl,tw4,100
19,1. Pengukuran kepuasan masyarakat terhadap pelayanan publik,-,Indeks Kepuasan Masyarakat,tw1,95.84 
19,1. Pengukuran kepuasan masyarakat terhadap pelayanan publik,-,Indeks Kepuasan Masyarakat,tw2,95.84 
19,1. Pengukuran kepuasan masyarakat terhadap pelayanan publik,-,Indeks Kepuasan Masyarakat,tw3,95.85
19,1. Pengukuran kepuasan masyarakat terhadap pelayanan publik,-,Indeks Kepuasan Masyarakat,tw4,95.85
20,1. Pelaksanaan pemantauan/reviu penerapan SDI di BPS,Persen,Persentase pemantauan/reviu pelaksanaan prinsip SDI di BPS,tw1,0
20,2. Pelaksanaan pemantauan/reviu penerapan Kualitas Data di BPS,Dokumen,Dokumen Pemantauan Quality Gate,tw1,
20,3. Pelaksanaan pemantauan/reviu ketersediaan dokumen kegiatan statistik  ,Dokumen,Jumlah set dokumen kegiatan statistik,tw1,
20,4. Pemantauan/reviu Pelaksanaan kolaborasi antar unit kerja dan kerja sama,Dokumen,Dokumen Pemantauan/reviu Kolaborasi,tw1,0
20,5. Pelaksanaan pemanfaatan big data untuk mendukung indikator statistik,Persen,Persentase pemantauan/reviu pelaksanaapemanfaatan big Data,tw1,
20,1. Pelaksanaan pemantauan/reviu penerapan SDI di BPS,Persen,Persentase pemantauan/reviu pelaksanaan prinsip SDI di BPS,tw2,25
20,2. Pelaksanaan pemantauan/reviu penerapan Kualitas Data di BPS,Dokumen,Dokumen Pemantauan Quality Gate,tw2,
20,3. Pelaksanaan pemantauan/reviu ketersediaan dokumen kegiatan statistik  ,Dokumen,Jumlah set dokumen kegiatan statistik,tw2,10
20,4. Pemantauan/reviu Pelaksanaan kolaborasi antar unit kerja dan kerja sama,Dokumen,Dokumen Pemantauan/reviu Kolaborasi,tw2,1
20,5. Pelaksanaan pemanfaatan big data untuk mendukung indikator statistik,Persen,Persentase pemantauan/reviu pelaksanaapemanfaatan big Data,tw2,25
20,1. Pelaksanaan pemantauan/reviu penerapan SDI di BPS,Persen,Persentase pemantauan/reviu pelaksanaan prinsip SDI di BPS,tw3,50
20,2. Pelaksanaan pemantauan/reviu penerapan Kualitas Data di BPS,Dokumen,Dokumen Pemantauan Quality Gate,tw3,
20,3. Pelaksanaan pemantauan/reviu ketersediaan dokumen kegiatan statistik  ,Dokumen,Jumlah set dokumen kegiatan statistik,tw3,10
20,4. Pemantauan/reviu Pelaksanaan kolaborasi antar unit kerja dan kerja sama,Dokumen,Dokumen Pemantauan/reviu Kolaborasi,tw3,1
20,5. Pelaksanaan pemanfaatan big data untuk mendukung indikator statistik,Persen,Persentase pemantauan/reviu pelaksanaapemanfaatan big Data,tw3,50
20,1. Pelaksanaan pemantauan/reviu penerapan SDI di BPS,Persen,Persentase pemantauan/reviu pelaksanaan prinsip SDI di BPS,tw4,100
20,2. Pelaksanaan pemantauan/reviu penerapan Kualitas Data di BPS,Dokumen,Dokumen Pemantauan Quality Gate,tw4,1
20,3. Pelaksanaan pemantauan/reviu ketersediaan dokumen kegiatan statistik  ,Dokumen,Jumlah set dokumen kegiatan statistik,tw4,10
20,4. Pemantauan/reviu Pelaksanaan kolaborasi antar unit kerja dan kerja sama,Dokumen,Dokumen Pemantauan/reviu Kolaborasi,tw4,1
20,5. Pelaksanaan pemanfaatan big data untuk mendukung indikator statistik,Persen,Persentase pemantauan/reviu pelaksanaapemanfaatan big Data,tw4,100
21,a. Menganalisis Renstra BPS 2025-2029,Laporan,Laporan hasil analisis Renstra BPS 2025-2029,tw1,0
21,b. Menyusun Perka Transformasi Pemerintah Digital BPS,Dokumen,Perka Transformasi Pemerintah Digital BPS,tw1,0
21,c. Menyusun Peta Rencana Pemerintah Digital BPS 2025-2029,Dokumen,Peta Rencana Pemerintah Digital BPS 2025-2029,tw1,0
21,a. Evaluasi Layanan Aplikasi Presensi Online BPS,Laporan,Laporan hasil evaluasi Layanan Aplikasi Presensi Online BPS,tw1,0
21,b. Tindak lanjut/ pengembangan Layanan Aplikasi Presensi Online BPS berdasarkan hasil evaluasi,Persen,Pengembangan Layanan Aplikasi Presensi Online BPS,tw1,0
21,a. Audit Aplikasi SPBE oleh Auditor Eksternal,Laporan,Laporan Audit Aplikasi SPBE Eksternal,tw1,0
21,b. Audit Infrastruktur SPBE oleh Auditor Eksternal,Laporan,Laporan Audit Infrastruktur SPBE Eksternal,tw1,0
21,a. Menganalisis Renstra BPS 2025-2029,Laporan,Laporan hasil analisis Renstra BPS 2025-2029,tw2,0
21,b. Menyusun Perka Transformasi Pemerintah Digital BPS,Dokumen,Perka Transformasi Pemerintah Digital BPS,tw2,0
21,c. Menyusun Peta Rencana Pemerintah Digital BPS 2025-2029,Dokumen,Peta Rencana Pemerintah Digital BPS 2025-2029,tw2,0
21,a. Evaluasi Layanan Aplikasi Presensi Online BPS,Laporan,Laporan hasil evaluasi Layanan Aplikasi Presensi Online BPS,tw2,0
21,b. Tindak lanjut/ pengembangan Layanan Aplikasi Presensi Online BPS berdasarkan hasil evaluasi,Persen,Pengembangan Layanan Aplikasi Presensi Online BPS,tw2,25
21,a. Audit Aplikasi SPBE oleh Auditor Eksternal,Laporan,Laporan Audit Aplikasi SPBE Eksternal,tw2,0
21,b. Audit Infrastruktur SPBE oleh Auditor Eksternal,Laporan,Laporan Audit Infrastruktur SPBE Eksternal,tw2,0
21,a. Menganalisis Renstra BPS 2025-2029,Laporan,Laporan hasil analisis Renstra BPS 2025-2029,tw3,1
21,b. Menyusun Perka Transformasi Pemerintah Digital BPS,Dokumen,Perka Transformasi Pemerintah Digital BPS,tw3,0
21,c. Menyusun Peta Rencana Pemerintah Digital BPS 2025-2029,Dokumen,Peta Rencana Pemerintah Digital BPS 2025-2029,tw3,0
21,a. Evaluasi Layanan Aplikasi Presensi Online BPS,Laporan,Laporan hasil evaluasi Layanan Aplikasi Presensi Online BPS,tw3,0
21,b. Tindak lanjut/ pengembangan Layanan Aplikasi Presensi Online BPS berdasarkan hasil evaluasi,Persen,Pengembangan Layanan Aplikasi Presensi Online BPS,tw3,50
21,a. Audit Aplikasi SPBE oleh Auditor Eksternal,Laporan,Laporan Audit Aplikasi SPBE Eksternal,tw3,0
21,b. Audit Infrastruktur SPBE oleh Auditor Eksternal,Laporan,Laporan Audit Infrastruktur SPBE Eksternal,tw3,0
21,a. Menganalisis Renstra BPS 2025-2029,Laporan,Laporan hasil analisis Renstra BPS 2025-2029,tw4,1
21,b. Menyusun Perka Transformasi Pemerintah Digital BPS,Dokumen,Perka Transformasi Pemerintah Digital BPS,tw4,1
21,c. Menyusun Peta Rencana Pemerintah Digital BPS 2025-2029,Dokumen,Peta Rencana Pemerintah Digital BPS 2025-2029,tw4,1
21,a. Evaluasi Layanan Aplikasi Presensi Online BPS,Laporan,Laporan hasil evaluasi Layanan Aplikasi Presensi Online BPS,tw4,1
21,b. Tindak lanjut/ pengembangan Layanan Aplikasi Presensi Online BPS berdasarkan hasil evaluasi,Persen,Pengembangan Layanan Aplikasi Presensi Online BPS,tw4,100
21,a. Audit Aplikasi SPBE oleh Auditor Eksternal,Laporan,Laporan Audit Aplikasi SPBE Eksternal,tw4,1
21,b. Audit Infrastruktur SPBE oleh Auditor Eksternal,Laporan,Laporan Audit Infrastruktur SPBE Eksternal,tw4,1
22,a. Menyusun Kebijakan Arsitektur Pemerintah Digital BPS  2025-2029 (Perka BPS),Dokumen,Tersedianya Kebijakan Arsitektur Pemerintah Digital BPS 2025-2029,tw1,0
22,b. Menyusun Peta Rencana Pemerintah Digital BPS 2025-2029,Dokumen,Peta Rencana Pemerintah Digital BPS 2025-2029,tw1,0
22,c. Menggambarkan Peta Rencana Pemerintah Digital BPS  2025-2029 pada SIA SPBE,Persen,Tersedianya artifak Peta Rencana Pemerintah Digital BPS 2025-2029 pada SIA SPBE,tw1,0
22,a. Menyusun Kebijakan Arsitektur Pemerintah Digital BPS  2025-2029 (Perka BPS),Dokumen,Tersedianya Kebijakan Arsitektur Pemerintah Digital BPS 2025-2029,tw2,0
22,b. Menyusun Peta Rencana Pemerintah Digital BPS 2025-2029,Dokumen,Peta Rencana Pemerintah Digital BPS 2025-2029,tw2,0
22,c. Menggambarkan Peta Rencana Pemerintah Digital BPS  2025-2029 pada SIA SPBE,Persen,Tersedianya artifak Peta Rencana Pemerintah Digital BPS 2025-2029 pada SIA SPBE,tw2,0
22,a. Menyusun Kebijakan Arsitektur Pemerintah Digital BPS  2025-2029 (Perka BPS),Dokumen,Tersedianya Kebijakan Arsitektur Pemerintah Digital BPS 2025-2029,tw3,0
22,b. Menyusun Peta Rencana Pemerintah Digital BPS 2025-2029,Dokumen,Peta Rencana Pemerintah Digital BPS 2025-2029,tw3,0
22,c. Menggambarkan Peta Rencana Pemerintah Digital BPS  2025-2029 pada SIA SPBE,Persen,Tersedianya artifak Peta Rencana Pemerintah Digital BPS 2025-2029 pada SIA SPBE,tw3,50
22,a. Menyusun Kebijakan Arsitektur Pemerintah Digital BPS  2025-2029 (Perka BPS),Dokumen,Tersedianya Kebijakan Arsitektur Pemerintah Digital BPS 2025-2029,tw4,1
22,b. Menyusun Peta Rencana Pemerintah Digital BPS 2025-2029,Dokumen,Peta Rencana Pemerintah Digital BPS 2025-2029,tw4,1
22,c. Menggambarkan Peta Rencana Pemerintah Digital BPS  2025-2029 pada SIA SPBE,Persen,Tersedianya artifak Peta Rencana Pemerintah Digital BPS 2025-2029 pada SIA SPBE,tw4,100
23,1. Inventarisasi rekomendasi BPK yang belum ditindaklanjuti,Persen,Persentase daftar TLHP BPK yang belum di tindak lanjuti,tw1,0
23,2. Koordinasi dengan satker/unit kerja pemilik rekomendasi,Persen,Persentase notulen/bukti komunikasi,tw1,0
23,3. Klarifikasi dan verifikasi dokumen pendukung tindak lanjut,Persen,Persentase Berita Acara pemeriksaan dokumen,tw1,0
23,4. Evaluasi status tindak lanjut dan identifikasi hambatan,Persen,Persentase rekomendasi yang selesai (status sesuai),tw1,0
23,5. Penyampaian hasil pemantauan kepada pimpinan dan BPK,Persen,Persentase surat resmi yang telah di tandatangani /laporan,tw1,0
23,6. Updating Dashboard Pemantauan TL Rekomendasi BPK,Persen,"Persentase jumlah rekomendasi yang berstatus 1, 2, 3 atau 4",tw1,0
23,1. Inventarisasi rekomendasi BPK yang belum ditindaklanjuti,Persen,Persentase daftar TLHP BPK yang belum di tindak lanjuti,tw2,0
23,2. Koordinasi dengan satker/unit kerja pemilik rekomendasi,Persen,Persentase notulen/bukti komunikasi,tw2,0
23,3. Klarifikasi dan verifikasi dokumen pendukung tindak lanjut,Persen,Persentase Berita Acara pemeriksaan dokumen,tw2,0
23,4. Evaluasi status tindak lanjut dan identifikasi hambatan,Persen,Persentase rekomendasi yang selesai (status sesuai),tw2,0
23,5. Penyampaian hasil pemantauan kepada pimpinan dan BPK,Persen,Persentase surat resmi yang telah di tandatangani /laporan,tw2,0
23,6. Updating Dashboard Pemantauan TL Rekomendasi BPK,Persen,"Persentase jumlah rekomendasi yang berstatus 1, 2, 3 atau 4",tw2,0
23,1. Inventarisasi rekomendasi BPK yang belum ditindaklanjuti,Persen,Persentase daftar TLHP BPK yang belum di tindak lanjuti,tw3,100
23,2. Koordinasi dengan satker/unit kerja pemilik rekomendasi,Persen,Persentase notulen/bukti komunikasi,tw3,100
23,3. Klarifikasi dan verifikasi dokumen pendukung tindak lanjut,Persen,Persentase Berita Acara pemeriksaan dokumen,tw3,100
23,4. Evaluasi status tindak lanjut dan identifikasi hambatan,Persen,Persentase rekomendasi yang selesai (status sesuai),tw3,100
23,5. Penyampaian hasil pemantauan kepada pimpinan dan BPK,Persen,Persentase surat resmi yang telah di tandatangani /laporan,tw3,100
23,6. Updating Dashboard Pemantauan TL Rekomendasi BPK,Persen,"Persentase jumlah rekomendasi yang berstatus 1, 2, 3 atau 4",tw3,100
23,1. Inventarisasi rekomendasi BPK yang belum ditindaklanjuti,Persen,Persentase daftar TLHP BPK yang belum di tindak lanjuti,tw4,100
23,2. Koordinasi dengan satker/unit kerja pemilik rekomendasi,Persen,Persentase notulen/bukti komunikasi,tw4,100
23,3. Klarifikasi dan verifikasi dokumen pendukung tindak lanjut,Persen,Persentase Berita Acara pemeriksaan dokumen,tw4,100
23,4. Evaluasi status tindak lanjut dan identifikasi hambatan,Persen,Persentase rekomendasi yang selesai (status sesuai),tw4,100
23,5. Penyampaian hasil pemantauan kepada pimpinan dan BPK,Persen,Persentase surat resmi yang telah di tandatangani /laporan,tw4,100
23,6. Updating Dashboard Pemantauan TL Rekomendasi BPK,Persen,"Persentase jumlah rekomendasi yang berstatus 1, 2, 3 atau 4",tw4,100
24,1. Terlaksananya reviu SOP Evaluasi Pembangunan ZI,Dokumen,SOP Pengelolaan Pengaduan,tw1,1
24,2. Terlaksananya reviu Pedoman Evaluasi Pembangunan ZI,Dokumen,Pedoman Evaluasi ZI,tw1,1
24,Terlaksananya Pembangunan Dashboard Evaluasi Pembangunan ZI,Dokumen,Dashboard Evaluasi ZI,tw1,1
24,3. Pengembangan Aplikasi Evaluasi ZI,Dokumen,Aplikasi ZIAPP,tw1,1
24,4. Tersusunnya Kepka BPS tentang Tim Penilai Internal (TPI) Evaluasi Pembangunan ZI BPS Tahun 2025,Dokumen,Kepka TPI,tw1,1
24,Terlaksananya Sosialisasi Aplikasi ZIAPP,Dikumen,Laporan Sosialiasi,tw1,1
24,5. Terlaksananya Penyelenggaraan Bimbingan Teknis Evaluasi Pembangunan ZI,Dokumen ,Laporan Bimtek,tw1,1
24,6. Terlaksananya  Evaluasi (Desk dan Field) Pembangunan ZI oleh TPI,Dokumen ,Laporan Hasil Evaluasi (LHE) TPI ,tw1,-
24,7. Pleno Hasil Desk Evaluasi Pembangunan ZI,Dokumen ,Berita Acara Pleno,tw1,-
24,8. Submit usulan calon satker berpredikat menuju WBK/WBBM ke Kementerian PAN,Dokumen,Surat Kepala BPS,tw1,-
24,dan RB Hasil Penilaian TPI melalui Portal ZI,,,tw1,
24,9. Tersusunnya Kepka BPS tentang Satuan Kerja Berpredikat Menuju WBK/WBBM berdasarkan hasil Evaluasi TPI,Dokumen,Keutusan Kepala tentang Satuan Kerja Berpredikat Menuju WBK/WBBM berdasarkan hasil Evaluasi TPI,tw1,-
24,10. Pendampingan evaluasi ZI oleh Kemenpan RB,Dokumen,Laporan Pendampingan,tw1,-
24,1. Terlaksananya reviu SOP Evaluasi Pembangunan ZI,Dokumen,SOP Pengelolaan Pengaduan,tw2,1
24,2. Terlaksananya reviu Pedoman Evaluasi Pembangunan ZI,Dokumen,Pedoman Evaluasi ZI,tw2,1
24,Terlaksananya Pembangunan Dashboard Evaluasi Pembangunan ZI,Dokumen,Dashboard Evaluasi ZI,tw2,1
24,3. Pengembangan Aplikasi Evaluasi ZI,Dokumen,Aplikasi ZIAPP,tw2,1
24,4. Tersusunnya Kepka BPS tentang Tim Penilai Internal (TPI) Evaluasi Pembangunan ZI BPS Tahun 2025,Dokumen,Kepka TPI,tw2,1
24,Terlaksananya Sosialisasi Aplikasi ZIAPP,Dikumen,Laporan Sosialiasi,tw2,1
24,5. Terlaksananya Penyelenggaraan Bimbingan Teknis Evaluasi Pembangunan ZI,Dokumen ,Laporan Bimtek,tw2,1
24,6. Terlaksananya  Evaluasi (Desk dan Field) Pembangunan ZI oleh TPI,Dokumen ,Laporan Hasil Evaluasi (LHE) TPI ,tw2,113
24,7. Pleno Hasil Desk Evaluasi Pembangunan ZI,Dokumen ,Berita Acara Pleno,tw2,1
24,8. Submit usulan calon satker berpredikat menuju WBK/WBBM ke Kementerian PAN,Dokumen,Surat Kepala BPS,tw2,1
24,dan RB Hasil Penilaian TPI melalui Portal ZI,,,tw2,
24,9. Tersusunnya Kepka BPS tentang Satuan Kerja Berpredikat Menuju WBK/WBBM berdasarkan hasil Evaluasi TPI,Dokumen,Keutusan Kepala tentang Satuan Kerja Berpredikat Menuju WBK/WBBM berdasarkan hasil Evaluasi TPI,tw2,-
24,10. Pendampingan evaluasi ZI oleh Kemenpan RB,Dokumen,Laporan Pendampingan,tw2,-
24,1. Terlaksananya reviu SOP Evaluasi Pembangunan ZI,Dokumen,SOP Pengelolaan Pengaduan,tw3,1
24,2. Terlaksananya reviu Pedoman Evaluasi Pembangunan ZI,Dokumen,Pedoman Evaluasi ZI,tw3,1
24,Terlaksananya Pembangunan Dashboard Evaluasi Pembangunan ZI,Dokumen,Dashboard Evaluasi ZI,tw3,1
24,3. Pengembangan Aplikasi Evaluasi ZI,Dokumen,Aplikasi ZIAPP,tw3,1
24,4. Tersusunnya Kepka BPS tentang Tim Penilai Internal (TPI) Evaluasi Pembangunan ZI BPS Tahun 2025,Dokumen,Kepka TPI,tw3,1
24,Terlaksananya Sosialisasi Aplikasi ZIAPP,Dikumen,Laporan Sosialiasi,tw3,1
24,5. Terlaksananya Penyelenggaraan Bimbingan Teknis Evaluasi Pembangunan ZI,Dokumen ,Laporan Bimtek,tw3,1
24,6. Terlaksananya  Evaluasi (Desk dan Field) Pembangunan ZI oleh TPI,Dokumen ,Laporan Hasil Evaluasi (LHE) TPI ,tw3,113
24,7. Pleno Hasil Desk Evaluasi Pembangunan ZI,Dokumen ,Berita Acara Pleno,tw3,1
24,8. Submit usulan calon satker berpredikat menuju WBK/WBBM ke Kementerian PAN,Dokumen,Surat Kepala BPS,tw3,1
24,dan RB Hasil Penilaian TPI melalui Portal ZI,,,tw3,
24,9. Tersusunnya Kepka BPS tentang Satuan Kerja Berpredikat Menuju WBK/WBBM berdasarkan hasil Evaluasi TPI,Dokumen,Keutusan Kepala tentang Satuan Kerja Berpredikat Menuju WBK/WBBM berdasarkan hasil Evaluasi TPI,tw3,1
24,10. Pendampingan evaluasi ZI oleh Kemenpan RB,Dokumen,Laporan Pendampingan,tw3,7
24,1. Terlaksananya reviu SOP Evaluasi Pembangunan ZI,Dokumen,SOP Pengelolaan Pengaduan,tw4,1
24,2. Terlaksananya reviu Pedoman Evaluasi Pembangunan ZI,Dokumen,Pedoman Evaluasi ZI,tw4,1
24,Terlaksananya Pembangunan Dashboard Evaluasi Pembangunan ZI,Dokumen,Dashboard Evaluasi ZI,tw4,1
24,3. Pengembangan Aplikasi Evaluasi ZI,Dokumen,Aplikasi ZIAPP,tw4,1
24,4. Tersusunnya Kepka BPS tentang Tim Penilai Internal (TPI) Evaluasi Pembangunan ZI BPS Tahun 2025,Dokumen,Kepka TPI,tw4,1
24,Terlaksananya Sosialisasi Aplikasi ZIAPP,Dikumen,Laporan Sosialiasi,tw4,1
24,5. Terlaksananya Penyelenggaraan Bimbingan Teknis Evaluasi Pembangunan ZI,Dokumen ,Laporan Bimtek,tw4,1
24,6. Terlaksananya  Evaluasi (Desk dan Field) Pembangunan ZI oleh TPI,Dokumen ,Laporan Hasil Evaluasi (LHE) TPI ,tw4,113
24,7. Pleno Hasil Desk Evaluasi Pembangunan ZI,Dokumen ,Berita Acara Pleno,tw4,1
24,8. Submit usulan calon satker berpredikat menuju WBK/WBBM ke Kementerian PAN,Dokumen,Surat Kepala BPS,tw4,1
24,dan RB Hasil Penilaian TPI melalui Portal ZI,,,tw4,
24,9. Tersusunnya Kepka BPS tentang Satuan Kerja Berpredikat Menuju WBK/WBBM berdasarkan hasil Evaluasi TPI,Dokumen,Keutusan Kepala tentang Satuan Kerja Berpredikat Menuju WBK/WBBM berdasarkan hasil Evaluasi TPI,tw4,1
24,10. Pendampingan evaluasi ZI oleh Kemenpan RB,Dokumen,Laporan Pendampingan,tw4,7
25,1. SOP Pengelolaan Pengaduan di Lingkungan BPS,Dokumen,SOP Pengelolaan Pengaduan,tw1,
25,2. Pemantauan SP4N-LAPOR! Bulanan,Dokumen,Laporan Monitoring,tw1,3
25,3.Updating SK Pengelolaan Pengaduan di lingkungan BPS (Kolaborasi dengan Biro Hukum dan Organisasi),Dokumen,SK Pengelola Pengaduan,tw1,
25,1. SOP Pengelolaan Pengaduan di Lingkungan BPS,Dokumen,SOP Pengelolaan Pengaduan,tw2,
25,2. Pemantauan SP4N-LAPOR! Bulanan,Dokumen,Laporan Monitoring,tw2,6
25,3.Updating SK Pengelolaan Pengaduan di lingkungan BPS (Kolaborasi dengan Biro Hukum dan Organisasi),Dokumen,SK Pengelola Pengaduan,tw2,
25,1. SOP Pengelolaan Pengaduan di Lingkungan BPS,Dokumen,SOP Pengelolaan Pengaduan,tw3,1
25,2. Pemantauan SP4N-LAPOR! Bulanan,Dokumen,Laporan Monitoring,tw3,9
25,3.Updating SK Pengelolaan Pengaduan di lingkungan BPS (Kolaborasi dengan Biro Hukum dan Organisasi),Dokumen,SK Pengelola Pengaduan,tw3,
25,1. SOP Pengelolaan Pengaduan di Lingkungan BPS,Dokumen,SOP Pengelolaan Pengaduan,tw4,1
25,2. Pemantauan SP4N-LAPOR! Bulanan,Dokumen,Laporan Monitoring,tw4,12
25,3.Updating SK Pengelolaan Pengaduan di lingkungan BPS (Kolaborasi dengan Biro Hukum dan Organisasi),Dokumen,SK Pengelola Pengaduan,tw4,1
26,1. Sosialisasi Gratifikasi,Dokumen,Laporan Sosialisasi Gratifikasi,tw1,1
26,2. Sosialisasi Benturan Kepentingan,Dokumen,Laporan Sosialisasi Benturan Kepentingan,tw1,0
26,3. Penyusunan rencana aksi SPI KPK,Dokumen,Dokumen Rencana Aksi SPI KPK,tw1,
26,1. Sosialisasi Gratifikasi,Dokumen,Laporan Sosialisasi Gratifikasi,tw2,1
26,2. Sosialisasi Benturan Kepentingan,Dokumen,Laporan Sosialisasi Benturan Kepentingan,tw2,0
26,3. Penyusunan rencana aksi SPI KPK,Dokumen,Dokumen Rencana Aksi SPI KPK,tw2,
26,1. Sosialisasi Gratifikasi,Dokumen,Laporan Sosialisasi Gratifikasi,tw3,1
26,2. Sosialisasi Benturan Kepentingan,Dokumen,Laporan Sosialisasi Benturan Kepentingan,tw3,0
26,3. Penyusunan rencana aksi SPI KPK,Dokumen,Dokumen Rencana Aksi SPI KPK,tw3,1
26,1. Sosialisasi Gratifikasi,Dokumen,Laporan Sosialisasi Gratifikasi,tw4,1
26,2. Sosialisasi Benturan Kepentingan,Dokumen,Laporan Sosialisasi Benturan Kepentingan,tw4,1
26,3. Penyusunan rencana aksi SPI KPK,Dokumen,Dokumen Rencana Aksi SPI KPK,tw4,1
